id,rideHailManagerId,vehicleType,initialLocationX,initialLocationY,shifts,geofenceX,geofenceY,geofenceRadius
ParttimeDriver1shift1,GlobalRHM,Car,425637.7254,4513165.435,{27765:37115},,,
ParttimeDriver1shift2,GlobalRHM,Car,423236.5277,4513213.179,{48575:50464},,,
ParttimeDriver3shift1,GlobalRHM,Car,423947.2449,4513181.806,{33899:40083},,,
ParttimeDriver3shift2,GlobalRHM,Car,425633.2063,4512682.664,{68947:73803},,,
ParttimeDriver4shift1,GlobalRHM,Car,419237.1662,4520069.362,{69226:91774},,,
ParttimeDriver8shift1,GlobalRHM,Car,449477.5927,4442792.071,{62988:89714},,,
ParttimeDriver11shift1,GlobalRHM,Car,424915.2281,4513413.695,{27772:54827},,,
ParttimeDriver14shift1,GlobalRHM,Car,423947.2449,4513181.806,{62643:76901},,,
ParttimeDriver15shift1,GlobalRHM,Car,425396.1357,4513167.768,{34521:36162},,,
ParttimeDriver15shift2,GlobalRHM,Car,423582.2958,4529230.826,{67884:75254},,,
ParttimeDriver16shift1,GlobalRHM,Car,420156.2946,4493018.166,{26886:49595},,,
ParttimeDriver17shift1,GlobalRHM,Car,424173.0841,4511609.946,{64269:84681},,,
ParttimeDriver21shift1,GlobalRHM,Car,425139.3416,4511600.797,{62186:63264},,,
ParttimeDriver28shift1,GlobalRHM,Car,425637.7254,4513165.435,{66390:72791},,,
ParttimeDriver30shift1,GlobalRHM,Car,425640.0796,4513406.555,{61533:63088},,,
ParttimeDriver33shift1,GlobalRHM,Car,423319.0968,4513680.409,{28404:45274},,,
ParttimeDriver35shift1,GlobalRHM,Car,423319.0968,4513680.409,{79537:89141},,,
ParttimeDriver38shift1,GlobalRHM,Car,425384.5885,4511960.915,{67075:70736},,,
ParttimeDriver40shift1,GlobalRHM,Car,424915.2281,4513413.695,{70599:81882},,,
ParttimeDriver42shift1,GlobalRHM,Car,421764.5025,4563013.857,{22573:40567},,,
ParttimeDriver42shift2,GlobalRHM,Car,424915.2281,4513413.695,{58648:67879},,,
ParttimeDriver44shift1,GlobalRHM,Car,425154.6303,4513170.118,{58881:62952},,,
ParttimeDriver48shift1,GlobalRHM,Car,424183.8063,4512696.506,{42178:42933},,,
ParttimeDriver48shift2,GlobalRHM,Car,423702.3114,4512821.987,{56729:59805},,,
ParttimeDriver49shift1,GlobalRHM,Car,423319.0968,4513680.409,{62906:64597},,,
ParttimeDriver49shift2,GlobalRHM,Car,423709.4312,4513547.693,{67310:70496},,,
ParttimeDriver52shift1,GlobalRHM,Car,425270.1716,4535774.302,{12665:29925},,,
ParttimeDriver54shift1,GlobalRHM,Car,423944.852,4512940.312,{77758:86668},,,
ParttimeDriver55shift1,GlobalRHM,Car,425548.352,4468425.452,{3207:6981},,,
ParttimeDriver57shift1,GlobalRHM,Car,423936.4032,4511974.568,{57023:57541},,,
ParttimeDriver64shift1,GlobalRHM,Car,416082.9961,4560473.659,{25717:51729},,,
ParttimeDriver65shift1,GlobalRHM,Car,425139.3416,4511600.797,{28564:56947},,,
ParttimeDriver66shift1,GlobalRHM,Car,426255.6968,4530813.048,{24625:45462},,,
ParttimeDriver67shift1,GlobalRHM,Car,424176.6697,4511972.28,{41640:41691},,,
ParttimeDriver67shift2,GlobalRHM,Car,444584.4473,4461262.086,{74090:82237},,,
ParttimeDriver68shift1,GlobalRHM,Car,425622.8777,4511596.364,{61002:86650},,,
ParttimeDriver70shift1,GlobalRHM,Car,424837.1234,4493735.614,{16427:37864},,,
ParttimeDriver71shift1,GlobalRHM,Car,420095.7631,4559538.296,{78459:82616},,,
ParttimeDriver72shift1,GlobalRHM,Car,425391.4114,4512684.927,{63414:81834},,,
ParttimeDriver73shift1,GlobalRHM,Car,424186.1885,4512937.973,{27168:53104},,,
ParttimeDriver79shift1,GlobalRHM,Car,424668.8524,4512933.279,{71080:75055},,,
ParttimeDriver82shift1,GlobalRHM,Car,423474.2859,4513357.35,{69900:81863},,,
ParttimeDriver87shift1,GlobalRHM,Car,407368.5854,4503202.108,{25347:37368},,,
ParttimeDriver88shift1,GlobalRHM,Car,424188.5013,4513179.347,{27364:35723},,,
ParttimeDriver88shift2,GlobalRHM,Car,419225.8464,4563224.951,{54333:63450},,,
ParttimeDriver88shift3,GlobalRHM,Car,426238.7391,4528040.3,{61256:62101},,,
ParttimeDriver89shift1,GlobalRHM,Car,412205.0022,4495481.145,{39814:46950},,,
ParttimeDriver91shift1,GlobalRHM,Car,424183.8063,4512696.506,{30218:52273},,,
ParttimeDriver92shift1,GlobalRHM,Car,420096.8116,4562312.033,{73662:82673},,,
ParttimeDriver94shift1,GlobalRHM,Car,423940.2821,4512457.55,{23054:36141},,,
ParttimeDriver95shift1,GlobalRHM,Car,425381.0431,4511598.726,{61560:75185},,,
ParttimeDriver96shift1,GlobalRHM,Car,425555.5956,4513748.323,{47746:50426},,,
ParttimeDriver96shift2,GlobalRHM,Car,409375.5175,4506719.88,{75491:81183},,,
ParttimeDriver99shift1,GlobalRHM,Car,423460.9866,4512824.273,{33895:41990},,,
ParttimeDriver101shift1,GlobalRHM,Car,423692.2101,4511614.086,{30890:34763},,,
ParttimeDriver101shift2,GlobalRHM,Car,424183.8063,4512696.506,{43332:44783},,,
ParttimeDriver107shift1,GlobalRHM,Car,416708.956,4419619.288,{25297:40213},,,
ParttimeDriver109shift1,GlobalRHM,Car,418533.6479,4563710.894,{42083:48789},,,
ParttimeDriver109shift2,GlobalRHM,Car,424673.5206,4513416.123,{63964:75359},,,
ParttimeDriver111shift1,GlobalRHM,Car,425633.2063,4512682.664,{22275:42054},,,
ParttimeDriver113shift1,GlobalRHM,Car,442841.9442,4460548.655,{33644:44334},,,
ParttimeDriver113shift2,GlobalRHM,Car,423940.2821,4512457.55,{61651:74469},,,
ParttimeDriver114shift1,GlobalRHM,Car,425238.1097,4513660.68,{58401:71940},,,
ParttimeDriver117shift1,GlobalRHM,Car,412908.7198,4497932.414,{25074:29577},,,
ParttimeDriver117shift2,GlobalRHM,Car,425555.5956,4513748.323,{57184:64366},,,
ParttimeDriver118shift1,GlobalRHM,Car,409338.1006,4507298.979,{61223:64240},,,
ParttimeDriver123shift1,GlobalRHM,Car,421714.9815,4487081.796,{61138:70728},,,
ParttimeDriver126shift1,GlobalRHM,Car,423709.4312,4513547.693,{52812:61717},,,
ParttimeDriver126shift2,GlobalRHM,Car,423709.4312,4513547.693,{67070:76567},,,
ParttimeDriver127shift1,GlobalRHM,Car,412844.584,4484987.198,{34595:40571},,,
ParttimeDriver127shift2,GlobalRHM,Car,423692.2101,4511614.086,{62569:68450},,,
ParttimeDriver131shift1,GlobalRHM,Car,424901.3872,4511965.424,{60139:66960},,,
ParttimeDriver133shift1,GlobalRHM,Car,423944.852,4512940.312,{26408:33766},,,
ParttimeDriver133shift2,GlobalRHM,Car,425626.2483,4511958.72,{49373:50459},,,
ParttimeDriver137shift1,GlobalRHM,Car,425391.4114,4512684.927,{63519:69838},,,
ParttimeDriver139shift1,GlobalRHM,Car,424173.0841,4511609.946,{31177:45249},,,
ParttimeDriver139shift2,GlobalRHM,Car,419058.1491,4561600.041,{51466:56805},,,
ParttimeDriver141shift1,GlobalRHM,Car,423702.3114,4512821.987,{50081:51835},,,
ParttimeDriver141shift2,GlobalRHM,Car,423944.852,4512940.312,{71736:77771},,,
ParttimeDriver144shift1,GlobalRHM,Car,425139.3416,4511600.797,{20702:40105},,,
ParttimeDriver146shift1,GlobalRHM,Car,423705.9415,4513184.202,{25264:43025},,,
ParttimeDriver148shift1,GlobalRHM,Car,425149.8649,4512687.335,{22031:41568},,,
ParttimeDriver148shift2,GlobalRHM,Car,424668.8524,4512933.279,{64442:71768},,,
ParttimeDriver150shift1,GlobalRHM,Car,423709.4312,4513547.693,{39157:46089},,,
ParttimeDriver151shift1,GlobalRHM,Car,428974.8548,4499814.579,{37735:44411},,,
ParttimeDriver151shift2,GlobalRHM,Car,424181.4338,4512455.203,{64147:79735},,,
ParttimeDriver153shift1,GlobalRHM,Car,425238.1097,4513660.68,{41741:54014},,,
ParttimeDriver153shift2,GlobalRHM,Car,424908.2211,4512689.643,{63611:85214},,,
ParttimeDriver156shift1,GlobalRHM,Car,415033.5127,4593601.783,{14193:24492},,,
ParttimeDriver157shift1,GlobalRHM,Car,423709.4312,4513547.693,{25267:46977},,,
ParttimeDriver158shift1,GlobalRHM,Car,425238.1097,4513660.68,{41766:52149},,,
ParttimeDriver158shift2,GlobalRHM,Car,424897.8191,4511603.152,{60875:68280},,,
ParttimeDriver159shift1,GlobalRHM,Car,424414.4516,4511607.655,{64207:76867},,,
ParttimeDriver161shift1,GlobalRHM,Car,424427.5326,4512935.669,{58930:73652},,,
ParttimeDriver164shift1,GlobalRHM,Car,424186.1885,4512937.973,{62903:70838},,,
ParttimeDriver166shift1,GlobalRHM,Car,423319.0968,4513680.409,{64252:87001},,,
ParttimeDriver168shift1,GlobalRHM,Car,415471.3366,4469396.382,{79948:87629},,,
ParttimeDriver169shift1,GlobalRHM,Car,425386.7898,4512202.406,{61107:75598},,,
ParttimeDriver169shift2,GlobalRHM,Car,423249.6967,4512355.647,{76532:77125},,,
ParttimeDriver171shift1,GlobalRHM,Car,423460.9866,4512824.273,{25329:45355},,,
ParttimeDriver172shift1,GlobalRHM,Car,418348.1546,4573360.212,{68432:80481},,,
ParttimeDriver174shift1,GlobalRHM,Car,424188.5013,4513179.347,{85058:99125},,,
ParttimeDriver175shift1,GlobalRHM,Car,412037.4846,4485975.448,{44724:51491},,,
ParttimeDriver175shift2,GlobalRHM,Car,424414.4516,4511607.655,{61618:70591},,,
ParttimeDriver177shift1,GlobalRHM,Car,424420.4133,4512211.617,{67735:76676},,,
ParttimeDriver178shift1,GlobalRHM,Car,424668.8524,4512933.279,{52338:58323},,,
ParttimeDriver178shift2,GlobalRHM,Car,411030.401,4506696.548,{63864:68530},,,
ParttimeDriver179shift1,GlobalRHM,Car,418128.9439,4565919.167,{21873:33367},,,
ParttimeDriver179shift2,GlobalRHM,Car,423709.4312,4513547.693,{62129:70693},,,
ParttimeDriver180shift1,GlobalRHM,Car,418490.265,4562124.802,{55820:58219},,,
ParttimeDriver181shift1,GlobalRHM,Car,425393.7716,4512926.31,{27929:47793},,,
ParttimeDriver181shift2,GlobalRHM,Car,425238.1097,4513660.68,{50305:59001},,,
ParttimeDriver181shift3,GlobalRHM,Car,424414.4516,4511607.655,{57612:65522},,,
ParttimeDriver184shift1,GlobalRHM,Car,425635.4474,4512924.059,{23114:30011},,,
ParttimeDriver184shift2,GlobalRHM,Car,425393.7716,4512926.31,{69906:70568},,,
ParttimeDriver190shift1,GlobalRHM,Car,424420.4133,4512211.617,{23253:36140},,,
ParttimeDriver191shift1,GlobalRHM,Car,424427.5326,4512935.669,{12679:21390},,,
ParttimeDriver191shift2,GlobalRHM,Car,423460.9866,4512824.273,{51174:55141},,,
ParttimeDriver191shift3,GlobalRHM,Car,415945.2581,4564111.37,{63067:71231},,,
ParttimeDriver192shift1,GlobalRHM,Car,425147.8656,4495585.455,{8799:10751},,,
ParttimeDriver196shift1,GlobalRHM,Car,424181.4338,4512455.203,{20194:33042},,,
ParttimeDriver196shift2,GlobalRHM,Car,423474.2859,4513357.35,{55679:62463},,,
ParttimeDriver197shift1,GlobalRHM,Car,413699.917,4594125.418,{64198:72819},,,
ParttimeDriver198shift1,GlobalRHM,Car,422007.7177,4540569.367,{59251:67271},,,
ParttimeDriver200shift1,GlobalRHM,Car,437085.0836,4460588.119,{62078:77498},,,
ParttimeDriver201shift1,GlobalRHM,Car,425555.5956,4513748.323,{24887:34457},,,
ParttimeDriver205shift1,GlobalRHM,Car,424173.0841,4511609.946,{25851:29896},,,
ParttimeDriver206shift1,GlobalRHM,Car,415375.2087,4503378.032,{26096:45896},,,
ParttimeDriver208shift1,GlobalRHM,Car,423319.0968,4513680.409,{21881:42178},,,
ParttimeDriver208shift2,GlobalRHM,Car,424418.053,4511970.037,{48450:52241},,,
ParttimeDriver208shift3,GlobalRHM,Car,424897.8191,4511603.152,{66640:69678},,,
ParttimeDriver209shift1,GlobalRHM,Car,423474.2859,4513357.35,{21683:50888},,,
ParttimeDriver213shift1,GlobalRHM,Car,425697.7827,4529122.992,{63061:73229},,,
ParttimeDriver215shift1,GlobalRHM,Car,424420.4133,4512211.617,{27840:54838},,,
ParttimeDriver216shift1,GlobalRHM,Car,425391.4114,4512684.927,{19099:39734},,,
ParttimeDriver223shift1,GlobalRHM,Car,414594.9659,4485042.74,{32248:46350},,,
ParttimeDriver224shift1,GlobalRHM,Car,446198.0936,4436866.968,{61350:67477},,,
ParttimeDriver225shift1,GlobalRHM,Car,423236.5277,4513213.179,{58157:62126},,,
ParttimeDriver226shift1,GlobalRHM,Car,424420.4133,4512211.617,{31962:41315},,,
ParttimeDriver226shift2,GlobalRHM,Car,423460.9866,4512824.273,{55050:63201},,,
ParttimeDriver227shift1,GlobalRHM,Car,442181.406,4454459.655,{27958:53650},,,
ParttimeDriver227shift2,GlobalRHM,Car,424427.5326,4512935.669,{56623:58640},,,
ParttimeDriver234shift1,GlobalRHM,Car,422948.3215,4488921.607,{37819:41001},,,
ParttimeDriver234shift2,GlobalRHM,Car,424173.0841,4511609.946,{64307:73058},,,
ParttimeDriver235shift1,GlobalRHM,Car,425622.8777,4511596.364,{41453:47875},,,
ParttimeDriver237shift1,GlobalRHM,Car,425238.1097,4513660.68,{63973:68601},,,
ParttimeDriver240shift1,GlobalRHM,Car,423319.0968,4513680.409,{25382:49761},,,
ParttimeDriver242shift1,GlobalRHM,Car,421896.7286,4535420.897,{21700:22874},,,
ParttimeDriver242shift2,GlobalRHM,Car,425396.1357,4513167.768,{82756:83773},,,
ParttimeDriver247shift1,GlobalRHM,Car,416629.4797,4548804.067,{50098:53237},,,
ParttimeDriver249shift1,GlobalRHM,Car,425384.5885,4511960.915,{51877:58985},,,
ParttimeDriver249shift2,GlobalRHM,Car,415863.7133,4559829.676,{83518:92784},,,
ParttimeDriver251shift1,GlobalRHM,Car,423702.3114,4512821.987,{28260:45220},,,
ParttimeDriver251shift2,GlobalRHM,Car,425391.4114,4512684.927,{70287:73180},,,
ParttimeDriver254shift1,GlobalRHM,Car,421651.4691,4553859.904,{52160:55085},,,
ParttimeDriver260shift1,GlobalRHM,Car,423319.0968,4513680.409,{54275:55657},,,
ParttimeDriver260shift2,GlobalRHM,Car,424420.4133,4512211.617,{63405:79606},,,
ParttimeDriver261shift1,GlobalRHM,Car,425152.2289,4512928.791,{26485:33856},,,
ParttimeDriver262shift1,GlobalRHM,Car,425745.7045,4490757.264,{70261:90020},,,
ParttimeDriver263shift1,GlobalRHM,Car,423944.852,4512940.312,{27141:39010},,,
ParttimeDriver264shift1,GlobalRHM,Car,423474.2859,4513357.35,{31060:33956},,,
ParttimeDriver272shift1,GlobalRHM,Car,423236.5277,4513213.179,{37855:40126},,,
ParttimeDriver272shift2,GlobalRHM,Car,424673.5206,4513416.123,{61822:70152},,,
ParttimeDriver273shift1,GlobalRHM,Car,411486.4892,4496308.012,{63472:68460},,,
ParttimeDriver277shift1,GlobalRHM,Car,425635.4474,4512924.059,{28084:40200},,,
ParttimeDriver279shift1,GlobalRHM,Car,423249.6967,4512355.647,{26686:38296},,,
ParttimeDriver281shift1,GlobalRHM,Car,427421.1045,4494972.345,{27881:45071},,,
ParttimeDriver281shift2,GlobalRHM,Car,425170.22,4521766.597,{52157:59349},,,
ParttimeDriver286shift1,GlobalRHM,Car,425628.5803,4512200.228,{33337:33875},,,
ParttimeDriver286shift2,GlobalRHM,Car,425238.1097,4513660.68,{60881:63694},,,
ParttimeDriver288shift1,GlobalRHM,Car,425628.5803,4512200.228,{25065:31956},,,
ParttimeDriver290shift1,GlobalRHM,Car,424915.2281,4513413.695,{23875:42369},,,
ParttimeDriver292shift1,GlobalRHM,Car,423709.4312,4513547.693,{22894:36054},,,
ParttimeDriver293shift1,GlobalRHM,Car,424041.4816,4522525.888,{63129:65036},,,
ParttimeDriver294shift1,GlobalRHM,Car,428291.1275,4511879.085,{67798:79381},,,
ParttimeDriver295shift1,GlobalRHM,Car,423938.4472,4512216.133,{76205:86520},,,
ParttimeDriver297shift1,GlobalRHM,Car,424173.0841,4511609.946,{2550:5062},,,
ParttimeDriver300shift1,GlobalRHM,Car,437982.2044,4461399.784,{22135:34623},,,
ParttimeDriver302shift1,GlobalRHM,Car,415837.5225,4596394.841,{71526:77932},,,
ParttimeDriver303shift1,GlobalRHM,Car,418092.8482,4564652.656,{78175:91930},,,
ParttimeDriver308shift1,GlobalRHM,Car,423319.0968,4513680.409,{20856:28014},,,
ParttimeDriver309shift1,GlobalRHM,Car,417043.146,4596195.83,{22388:32101},,,
ParttimeDriver310shift1,GlobalRHM,Car,426094.0583,4525894.745,{31996:40820},,,
ParttimeDriver312shift1,GlobalRHM,Car,424427.5326,4512935.669,{23985:41614},,,
ParttimeDriver312shift2,GlobalRHM,Car,412379.0191,4503604.541,{50867:63666},,,
ParttimeDriver316shift1,GlobalRHM,Car,425154.6303,4513170.118,{60195:74569},,,
ParttimeDriver317shift1,GlobalRHM,Car,423319.0968,4513680.409,{19960:35370},,,
ParttimeDriver317shift2,GlobalRHM,Car,409393.985,4508454.432,{56317:67716},,,
ParttimeDriver318shift1,GlobalRHM,Car,425633.2063,4512682.664,{68589:73514},,,
ParttimeDriver322shift1,GlobalRHM,Car,418859.3048,4557464.591,{16316:42474},,,
ParttimeDriver333shift1,GlobalRHM,Car,443839.9866,4456110.309,{63036:74004},,,
ParttimeDriver336shift1,GlobalRHM,Car,419370.3217,4499793.372,{28278:45648},,,
ParttimeDriver343shift1,GlobalRHM,Car,425597.5708,4526808.781,{31061:36093},,,
ParttimeDriver343shift2,GlobalRHM,Car,425154.6303,4513170.118,{37256:38139},,,
ParttimeDriver343shift3,GlobalRHM,Car,446115.2992,4454696.367,{62365:80112},,,
ParttimeDriver344shift1,GlobalRHM,Car,425393.7716,4512926.31,{27156:44525},,,
ParttimeDriver344shift2,GlobalRHM,Car,427640.0775,4524366.638,{61617:69673},,,
ParttimeDriver346shift1,GlobalRHM,Car,424186.1885,4512937.973,{73296:83972},,,
ParttimeDriver347shift1,GlobalRHM,Car,422442.9527,4504646.654,{72842:89091},,,
ParttimeDriver348shift1,GlobalRHM,Car,424183.8063,4512696.506,{67728:78608},,,
ParttimeDriver351shift1,GlobalRHM,Car,423319.0968,4513680.409,{62102:81821},,,
ParttimeDriver352shift1,GlobalRHM,Car,425633.2063,4512682.664,{21377:30840},,,
ParttimeDriver355shift1,GlobalRHM,Car,421138.9191,4565705.254,{21606:27895},,,
ParttimeDriver360shift1,GlobalRHM,Car,423944.852,4512940.312,{17473:24315},,,
ParttimeDriver363shift1,GlobalRHM,Car,425238.1097,4513660.68,{78630:80810},,,
ParttimeDriver366shift1,GlobalRHM,Car,415050.9942,4488180.728,{25036:38343},,,
ParttimeDriver366shift2,GlobalRHM,Car,423938.4472,4512216.133,{56691:66158},,,
ParttimeDriver372shift1,GlobalRHM,Car,425622.8777,4511596.364,{22741:30009},,,
ParttimeDriver372shift2,GlobalRHM,Car,425622.8777,4511596.364,{32711:39400},,,
ParttimeDriver376shift1,GlobalRHM,Car,420167.4384,4490099.666,{65298:72911},,,
ParttimeDriver379shift1,GlobalRHM,Car,425393.7716,4512926.31,{31234:40662},,,
ParttimeDriver379shift2,GlobalRHM,Car,425386.7898,4512202.406,{61511:76532},,,
ParttimeDriver386shift1,GlobalRHM,Car,423702.3114,4512821.987,{76199:83274},,,
ParttimeDriver387shift1,GlobalRHM,Car,425637.7254,4513165.435,{65954:86902},,,
ParttimeDriver389shift1,GlobalRHM,Car,424427.5326,4512935.669,{31625:37696},,,
ParttimeDriver390shift1,GlobalRHM,Car,424183.8063,4512696.506,{80469:107326},,,
ParttimeDriver391shift1,GlobalRHM,Car,421294.8827,4502171.663,{58316:67566},,,
ParttimeDriver394shift1,GlobalRHM,Car,424186.1885,4512937.973,{22014:29435},,,
ParttimeDriver401shift1,GlobalRHM,Car,425555.5956,4513748.323,{68295:89478},,,
ParttimeDriver404shift1,GlobalRHM,Car,420992.9933,4564105.82,{28268:45503},,,
ParttimeDriver405shift1,GlobalRHM,Car,409393.985,4508454.432,{52435:57963},,,
ParttimeDriver407shift1,GlobalRHM,Car,439667.953,4459774.962,{15563:26820},,,
ParttimeDriver408shift1,GlobalRHM,Car,440586.8182,4458270.435,{80740:82864},,,
ParttimeDriver411shift1,GlobalRHM,Car,423702.3114,4512821.987,{21949:37198},,,
ParttimeDriver415shift1,GlobalRHM,Car,409376.9274,4506020.658,{53709:54509},,,
ParttimeDriver416shift1,GlobalRHM,Car,418118.7045,4561489.97,{25019:49502},,,
ParttimeDriver418shift1,GlobalRHM,Car,425640.0796,4513406.555,{62488:63908},,,
ParttimeDriver420shift1,GlobalRHM,Car,425154.6303,4513170.118,{76171:79404},,,
ParttimeDriver423shift1,GlobalRHM,Car,415035.3352,4501552.411,{61744:66294},,,
ParttimeDriver424shift1,GlobalRHM,Car,414951.3498,4597663.291,{78286:93939},,,
ParttimeDriver426shift1,GlobalRHM,Car,425386.7898,4512202.406,{47407:50846},,,
ParttimeDriver426shift2,GlobalRHM,Car,425391.4114,4512684.927,{64655:66562},,,
ParttimeDriver427shift1,GlobalRHM,Car,428285.7971,4526591.009,{56562:58168},,,
ParttimeDriver429shift1,GlobalRHM,Car,416848.447,4503532.246,{84086:96493},,,
ParttimeDriver431shift1,GlobalRHM,Car,411010.0107,4507301.29,{24804:32267},,,
ParttimeDriver436shift1,GlobalRHM,Car,416345.7275,4490315.868,{81316:93158},,,
ParttimeDriver438shift1,GlobalRHM,Car,425139.3416,4511600.797,{46684:49093},,,
ParttimeDriver438shift2,GlobalRHM,Car,443808.7459,4453243.07,{62549:90069},,,
ParttimeDriver440shift1,GlobalRHM,Car,425555.5956,4513748.323,{63167:74404},,,
ParttimeDriver441shift1,GlobalRHM,Car,416810.488,4501915.485,{27466:46837},,,
ParttimeDriver441shift2,GlobalRHM,Car,409330.4338,4504568.998,{62238:74679},,,
ParttimeDriver447shift1,GlobalRHM,Car,425393.7716,4512926.31,{24234:37177},,,
ParttimeDriver447shift2,GlobalRHM,Car,409414.9938,4509658.291,{40381:41385},,,
ParttimeDriver448shift1,GlobalRHM,Car,424668.8524,4512933.279,{3733:8562},,,
ParttimeDriver452shift1,GlobalRHM,Car,422353.6772,4500342.862,{24841:45902},,,
ParttimeDriver453shift1,GlobalRHM,Car,419239.2295,4563690.631,{25085:39336},,,
ParttimeDriver453shift2,GlobalRHM,Car,432369.7361,4475384.255,{47107:51305},,,
ParttimeDriver455shift1,GlobalRHM,Car,424512.0298,4524467.829,{25114:26775},,,
ParttimeDriver455shift2,GlobalRHM,Car,429007.4748,4429610.913,{39348:41118},,,
ParttimeDriver455shift3,GlobalRHM,Car,440433.6854,4461356.992,{81022:93309},,,
ParttimeDriver456shift1,GlobalRHM,Car,419438.6583,4573511.379,{26530:45438},,,
ParttimeDriver457shift1,GlobalRHM,Car,425628.5803,4512200.228,{55353:55732},,,
ParttimeDriver458shift1,GlobalRHM,Car,424673.5206,4513416.123,{20585:39995},,,
ParttimeDriver461shift1,GlobalRHM,Car,424420.4133,4512211.617,{21709:26705},,,
ParttimeDriver461shift2,GlobalRHM,Car,425622.8777,4511596.364,{30761:37700},,,
ParttimeDriver464shift1,GlobalRHM,Car,413776.7914,4591854.6,{66848:69963},,,
ParttimeDriver466shift1,GlobalRHM,Car,417393.8089,4547600.874,{21115:27287},,,
ParttimeDriver466shift2,GlobalRHM,Car,425391.4114,4512684.927,{36460:39140},,,
ParttimeDriver468shift1,GlobalRHM,Car,421807.0824,4512353.069,{27533:59113},,,
ParttimeDriver472shift1,GlobalRHM,Car,425154.6303,4513170.118,{62667:87303},,,
ParttimeDriver475shift1,GlobalRHM,Car,423474.2859,4513357.35,{61122:67812},,,
ParttimeDriver476shift1,GlobalRHM,Car,424414.4516,4511607.655,{39430:53443},,,
ParttimeDriver476shift2,GlobalRHM,Car,425555.5956,4513748.323,{57235:69815},,,
ParttimeDriver478shift1,GlobalRHM,Car,425238.1097,4513660.68,{31010:34236},,,
ParttimeDriver480shift1,GlobalRHM,Car,420226.642,4502699.187,{28775:49084},,,
ParttimeDriver481shift1,GlobalRHM,Car,424915.2281,4513413.695,{21101:25116},,,
ParttimeDriver481shift2,GlobalRHM,Car,420872.5365,4484316.47,{58541:60586},,,
ParttimeDriver482shift1,GlobalRHM,Car,424176.6697,4511972.28,{52526:52972},,,
ParttimeDriver482shift2,GlobalRHM,Car,424179.0155,4512213.837,{64438:74298},,,
ParttimeDriver483shift1,GlobalRHM,Car,424186.1885,4512937.973,{26545:49072},,,
ParttimeDriver485shift1,GlobalRHM,Car,406292.073,4460542.567,{28518:38099},,,
ParttimeDriver487shift1,GlobalRHM,Car,414200.2761,4462497.491,{45282:46332},,,
ParttimeDriver489shift1,GlobalRHM,Car,424901.3872,4511965.424,{24216:44996},,,
ParttimeDriver492shift1,GlobalRHM,Car,418018.8722,4563726.332,{27962:49615},,,
ParttimeDriver493shift1,GlobalRHM,Car,423692.2101,4511614.086,{79356:81707},,,
ParttimeDriver496shift1,GlobalRHM,Car,425238.1097,4513660.68,{23012:37817},,,
ParttimeDriver497shift1,GlobalRHM,Car,424420.4133,4512211.617,{27274:38102},,,
ParttimeDriver498shift1,GlobalRHM,Car,410001.3969,4559105.438,{25813:46673},,,
ParttimeDriver498shift2,GlobalRHM,Car,424188.5013,4513179.347,{60703:70778},,,
ParttimeDriver499shift1,GlobalRHM,Car,423947.2449,4513181.806,{41050:42468},,,
ParttimeDriver499shift2,GlobalRHM,Car,423474.2859,4513357.35,{64312:70153},,,
ParttimeDriver500shift1,GlobalRHM,Car,424673.5206,4513416.123,{22623:46130},,,
ParttimeDriver502shift1,GlobalRHM,Car,425628.5803,4512200.228,{39493:45754},,,
ParttimeDriver502shift2,GlobalRHM,Car,425555.5956,4513748.323,{54227:54762},,,
ParttimeDriver503shift1,GlobalRHM,Car,409375.5175,4506719.88,{1341:12811},,,
ParttimeDriver507shift1,GlobalRHM,Car,444411.9138,4453677.294,{25823:35794},,,
ParttimeDriver507shift2,GlobalRHM,Car,420892.0464,4562782.889,{39543:41948},,,
ParttimeDriver507shift3,GlobalRHM,Car,423722.9071,4524437.161,{50882:53041},,,
ParttimeDriver510shift1,GlobalRHM,Car,418551.7734,4557480.578,{62076:77848},,,
ParttimeDriver511shift1,GlobalRHM,Car,443801.0075,4456943.713,{26476:40683},,,
ParttimeDriver513shift1,GlobalRHM,Car,423709.4312,4513547.693,{22794:38535},,,
ParttimeDriver514shift1,GlobalRHM,Car,425393.7716,4512926.31,{32128:38483},,,
ParttimeDriver516shift1,GlobalRHM,Car,423944.852,4512940.312,{65234:69906},,,
ParttimeDriver518shift1,GlobalRHM,Car,424188.5013,4513179.347,{71694:73422},,,
ParttimeDriver519shift1,GlobalRHM,Car,412467.9981,4506012.344,{23201:46814},,,
ParttimeDriver520shift1,GlobalRHM,Car,418757.9801,4563239.667,{27620:42197},,,
ParttimeDriver520shift2,GlobalRHM,Car,423709.4312,4513547.693,{64639:81328},,,
ParttimeDriver521shift1,GlobalRHM,Car,423474.2859,4513357.35,{62837:83359},,,
ParttimeDriver525shift1,GlobalRHM,Car,425149.8649,4512687.335,{63588:67998},,,
ParttimeDriver529shift1,GlobalRHM,Car,423249.6967,4512355.647,{21824:48507},,,
ParttimeDriver531shift1,GlobalRHM,Car,424915.2281,4513413.695,{18278:29988},,,
ParttimeDriver532shift1,GlobalRHM,Car,425384.5885,4511960.915,{64555:71232},,,
ParttimeDriver534shift1,GlobalRHM,Car,423474.2859,4513357.35,{40630:45358},,,
ParttimeDriver534shift2,GlobalRHM,Car,408162.2548,4504955.123,{70385:77660},,,
ParttimeDriver536shift1,GlobalRHM,Car,424915.2281,4513413.695,{49481:57593},,,
ParttimeDriver536shift2,GlobalRHM,Car,424901.3872,4511965.424,{61911:75438},,,
ParttimeDriver538shift1,GlobalRHM,Car,423702.3114,4512821.987,{22417:31775},,,
ParttimeDriver539shift1,GlobalRHM,Car,424186.1885,4512937.973,{53672:55734},,,
ParttimeDriver543shift1,GlobalRHM,Car,413922.7561,4578410.174,{32142:40794},,,
ParttimeDriver545shift1,GlobalRHM,Car,423709.4312,4513547.693,{63829:67639},,,
ParttimeDriver549shift1,GlobalRHM,Car,425622.8777,4511596.364,{29425:43007},,,
ParttimeDriver549shift2,GlobalRHM,Car,418687.7657,4560761.572,{57918:70931},,,
ParttimeDriver553shift1,GlobalRHM,Car,423944.852,4512940.312,{28271:41162},,,
ParttimeDriver557shift1,GlobalRHM,Car,424188.5013,4513179.347,{25368:28914},,,
ParttimeDriver558shift1,GlobalRHM,Car,424897.8191,4511603.152,{36670:41433},,,
ParttimeDriver558shift2,GlobalRHM,Car,410977.7203,4505206.299,{52503:54550},,,
ParttimeDriver559shift1,GlobalRHM,Car,425206.9745,4493722.108,{27637:41506},,,
ParttimeDriver559shift2,GlobalRHM,Car,423319.0968,4513680.409,{68727:73391},,,
ParttimeDriver560shift1,GlobalRHM,Car,425622.8777,4511596.364,{19916:30204},,,
ParttimeDriver560shift2,GlobalRHM,Car,423947.2449,4513181.806,{45316:47490},,,
ParttimeDriver562shift1,GlobalRHM,Car,444584.4473,4461262.086,{28115:55960},,,
ParttimeDriver562shift2,GlobalRHM,Car,423319.0968,4513680.409,{58743:66517},,,
ParttimeDriver563shift1,GlobalRHM,Car,442548.562,4452536.768,{62743:66422},,,
ParttimeDriver565shift1,GlobalRHM,Car,420026.3844,4562737.789,{22325:27139},,,
ParttimeDriver565shift2,GlobalRHM,Car,424188.5013,4513179.347,{57699:63724},,,
ParttimeDriver567shift1,GlobalRHM,Car,438725.0301,4452100.717,{64017:75132},,,
ParttimeDriver568shift1,GlobalRHM,Car,419789.5169,4540562.532,{23434:35381},,,
ParttimeDriver571shift1,GlobalRHM,Car,422363.8189,4511872.237,{63098:63736},,,
ParttimeDriver572shift1,GlobalRHM,Car,441120.5892,4459699.614,{52249:54048},,,
ParttimeDriver572shift2,GlobalRHM,Car,425386.7898,4512202.406,{78697:83038},,,
ParttimeDriver574shift1,GlobalRHM,Car,425238.1097,4513660.68,{25890:30158},,,
ParttimeDriver574shift2,GlobalRHM,Car,425139.3416,4511600.797,{48082:52408},,,
ParttimeDriver576shift1,GlobalRHM,Car,423387.4309,4500159.596,{55952:59177},,,
ParttimeDriver577shift1,GlobalRHM,Car,425238.1097,4513660.68,{26174:45233},,,
ParttimeDriver577shift2,GlobalRHM,Car,423236.5277,4513213.179,{51567:56872},,,
ParttimeDriver577shift3,GlobalRHM,Car,433278.9387,4428024.586,{55591:63405},,,
ParttimeDriver578shift1,GlobalRHM,Car,423474.2859,4513357.35,{29868:37579},,,
ParttimeDriver578shift2,GlobalRHM,Car,423057.5458,4512878.418,{44349:49090},,,
ParttimeDriver580shift1,GlobalRHM,Car,423474.2859,4513357.35,{62646:100982},,,
ParttimeDriver582shift1,GlobalRHM,Car,423474.2859,4513357.35,{25340:30899},,,
ParttimeDriver583shift1,GlobalRHM,Car,425154.6303,4513170.118,{26513:49953},,,
ParttimeDriver583shift2,GlobalRHM,Car,424173.0841,4511609.946,{57563:65303},,,
ParttimeDriver583shift3,GlobalRHM,Car,408209.5869,4507584.681,{54115:62986},,,
ParttimeDriver584shift1,GlobalRHM,Car,424915.2281,4513413.695,{61729:74152},,,
ParttimeDriver587shift1,GlobalRHM,Car,425386.7898,4512202.406,{32327:41464},,,
ParttimeDriver588shift1,GlobalRHM,Car,427176.8173,4509983.887,{71682:73079},,,
ParttimeDriver592shift1,GlobalRHM,Car,425149.8649,4512687.335,{21605:25852},,,
ParttimeDriver593shift1,GlobalRHM,Car,423697.0212,4512218.333,{26932:65009},,,
ParttimeDriver594shift1,GlobalRHM,Car,425637.7254,4513165.435,{61231:65340},,,
ParttimeDriver594shift2,GlobalRHM,Car,425633.2063,4512682.664,{71312:74175},,,
ParttimeDriver595shift1,GlobalRHM,Car,425391.4114,4512684.927,{70018:71991},,,
ParttimeDriver596shift1,GlobalRHM,Car,410968.7339,4507866.302,{62423:82866},,,
ParttimeDriver598shift1,GlobalRHM,Car,425555.5956,4513748.323,{24140:34191},,,
ParttimeDriver598shift2,GlobalRHM,Car,409338.1006,4507298.979,{59658:61069},,,
ParttimeDriver599shift1,GlobalRHM,Car,423249.6967,4512355.647,{54437:63552},,,
ParttimeDriver600shift1,GlobalRHM,Car,425391.4114,4512684.927,{21705:57575},,,
ParttimeDriver601shift1,GlobalRHM,Car,425393.7716,4512926.31,{66823:71143},,,
ParttimeDriver602shift1,GlobalRHM,Car,423709.4312,4513547.693,{21628:27567},,,
ParttimeDriver604shift1,GlobalRHM,Car,424176.6697,4511972.28,{67314:68156},,,
ParttimeDriver606shift1,GlobalRHM,Car,424673.5206,4513416.123,{31787:40311},,,
ParttimeDriver610shift1,GlobalRHM,Car,425628.5803,4512200.228,{58102:64010},,,
ParttimeDriver611shift1,GlobalRHM,Car,425156.8897,4513411.372,{67105:88382},,,
ParttimeDriver612shift1,GlobalRHM,Car,420131.3266,4560268.62,{24773:31889},,,
ParttimeDriver614shift1,GlobalRHM,Car,425386.7898,4512202.406,{26332:53804},,,
ParttimeDriver614shift2,GlobalRHM,Car,420080.0574,4564596.543,{58181:68885},,,
ParttimeDriver615shift1,GlobalRHM,Car,423474.2859,4513357.35,{27804:40805},,,
ParttimeDriver615shift2,GlobalRHM,Car,424186.1885,4512937.973,{54393:59397},,,
ParttimeDriver616shift1,GlobalRHM,Car,423460.9866,4512824.273,{28160:36151},,,
ParttimeDriver620shift1,GlobalRHM,Car,423702.3114,4512821.987,{55979:58944},,,
ParttimeDriver620shift2,GlobalRHM,Car,424183.8063,4512696.506,{58368:59914},,,
ParttimeDriver620shift3,GlobalRHM,Car,412809.5479,4504861.912,{73647:76694},,,
ParttimeDriver621shift1,GlobalRHM,Car,423460.9866,4512824.273,{61460:80934},,,
ParttimeDriver623shift1,GlobalRHM,Car,414991.6638,4557921.248,{16246:30873},,,
ParttimeDriver625shift1,GlobalRHM,Car,425622.8777,4511596.364,{56443:65248},,,
ParttimeDriver626shift1,GlobalRHM,Car,423702.3114,4512821.987,{25910:36529},,,
ParttimeDriver628shift1,GlobalRHM,Car,425628.5803,4512200.228,{60967:61631},,,
ParttimeDriver629shift1,GlobalRHM,Car,424668.8524,4512933.279,{2091:12288},,,
ParttimeDriver629shift2,GlobalRHM,Car,424915.2281,4513413.695,{59563:62410},,,
ParttimeDriver631shift1,GlobalRHM,Car,423319.0968,4513680.409,{27316:61247},,,
ParttimeDriver633shift1,GlobalRHM,Car,423460.9866,4512824.273,{26390:30543},,,
ParttimeDriver637shift1,GlobalRHM,Car,424173.0841,4511609.946,{59964:75464},,,
ParttimeDriver639shift1,GlobalRHM,Car,424901.3872,4511965.424,{39068:49771},,,
ParttimeDriver639shift2,GlobalRHM,Car,425637.7254,4513165.435,{60904:72154},,,
ParttimeDriver640shift1,GlobalRHM,Car,423236.5277,4513213.179,{61230:62519},,,
ParttimeDriver641shift1,GlobalRHM,Car,424418.053,4511970.037,{29304:36192},,,
ParttimeDriver641shift2,GlobalRHM,Car,423936.4032,4511974.568,{55369:62126},,,
ParttimeDriver641shift3,GlobalRHM,Car,421365.6016,4527729.16,{58398:62686},,,
ParttimeDriver643shift1,GlobalRHM,Car,424420.4133,4512211.617,{26876:39092},,,
ParttimeDriver645shift1,GlobalRHM,Car,425386.7898,4512202.406,{17466:27560},,,
ParttimeDriver646shift1,GlobalRHM,Car,422560.9593,4499492.276,{61560:72177},,,
ParttimeDriver647shift1,GlobalRHM,Car,423460.9866,4512824.273,{61205:78718},,,
ParttimeDriver649shift1,GlobalRHM,Car,429937.8009,4505398.095,{66257:66702},,,
ParttimeDriver650shift1,GlobalRHM,Car,410768.8498,4486097.307,{70507:90714},,,
ParttimeDriver651shift1,GlobalRHM,Car,426156.1245,4526805.158,{64559:75296},,,
ParttimeDriver656shift1,GlobalRHM,Car,426243.69,4513400.851,{15572:31979},,,
ParttimeDriver656shift2,GlobalRHM,Car,425381.0431,4511598.726,{59171:60781},,,
ParttimeDriver657shift1,GlobalRHM,Car,423460.9866,4512824.273,{45181:50148},,,
ParttimeDriver657shift2,GlobalRHM,Car,425391.4114,4512684.927,{59299:69533},,,
ParttimeDriver658shift1,GlobalRHM,Car,425622.8777,4511596.364,{25613:39518},,,
ParttimeDriver658shift2,GlobalRHM,Car,413666.4394,4485989.773,{54331:58026},,,
ParttimeDriver659shift1,GlobalRHM,Car,425238.1097,4513660.68,{71092:86240},,,
ParttimeDriver660shift1,GlobalRHM,Car,424186.1885,4512937.973,{25005:48665},,,
ParttimeDriver663shift1,GlobalRHM,Car,425622.8777,4511596.364,{25394:59331},,,
ParttimeDriver664shift1,GlobalRHM,Car,420270.2935,4568644.248,{28688:53142},,,
ParttimeDriver665shift1,GlobalRHM,Car,418390.229,4566748.708,{57088:61985},,,
ParttimeDriver668shift1,GlobalRHM,Car,424183.8063,4512696.506,{84632:87676},,,
ParttimeDriver669shift1,GlobalRHM,Car,425391.4114,4512684.927,{51513:52528},,,
ParttimeDriver671shift1,GlobalRHM,Car,425640.0796,4513406.555,{25401:50261},,,
ParttimeDriver672shift1,GlobalRHM,Car,424908.2211,4512689.643,{28954:42655},,,
ParttimeDriver675shift1,GlobalRHM,Car,425640.0796,4513406.555,{23476:33873},,,
ParttimeDriver679shift1,GlobalRHM,Car,413336.6718,4550428.472,{55766:57183},,,
ParttimeDriver679shift2,GlobalRHM,Car,411010.0107,4507301.29,{62801:75578},,,
ParttimeDriver680shift1,GlobalRHM,Car,424427.5326,4512935.669,{42466:51490},,,
ParttimeDriver680shift2,GlobalRHM,Car,423947.2449,4513181.806,{62410:73167},,,
ParttimeDriver691shift1,GlobalRHM,Car,424843.9131,4482766.947,{74537:82569},,,
ParttimeDriver695shift1,GlobalRHM,Car,436053.7652,4433151.627,{27458:48741},,,
ParttimeDriver696shift1,GlobalRHM,Car,444218.6685,4458970.124,{44135:48815},,,
ParttimeDriver699shift1,GlobalRHM,Car,424901.3872,4511965.424,{73515:96084},,,
ParttimeDriver700shift1,GlobalRHM,Car,425381.0431,4511598.726,{49834:55575},,,
ParttimeDriver700shift2,GlobalRHM,Car,423944.852,4512940.312,{58579:80561},,,
ParttimeDriver701shift1,GlobalRHM,Car,423319.0968,4513680.409,{23871:37047},,,
ParttimeDriver703shift1,GlobalRHM,Car,418362.3339,4565920.77,{72508:77718},,,
ParttimeDriver705shift1,GlobalRHM,Car,425555.5956,4513748.323,{61938:72871},,,
ParttimeDriver706shift1,GlobalRHM,Car,411287.6619,4503803.346,{28794:32474},,,
ParttimeDriver706shift2,GlobalRHM,Car,425386.7898,4512202.406,{57625:57840},,,
ParttimeDriver715shift1,GlobalRHM,Car,425238.1097,4513660.68,{64379:80172},,,
ParttimeDriver717shift1,GlobalRHM,Car,425555.5956,4513748.323,{78331:85892},,,
ParttimeDriver722shift1,GlobalRHM,Car,406184.0443,4555600.897,{79231:89067},,,
ParttimeDriver727shift1,GlobalRHM,Car,424908.2211,4512689.643,{65184:78873},,,
ParttimeDriver728shift1,GlobalRHM,Car,424173.0841,4511609.946,{22476:35409},,,
ParttimeDriver738shift1,GlobalRHM,Car,423249.6967,4512355.647,{27580:37297},,,
ParttimeDriver739shift1,GlobalRHM,Car,422418.4131,4467937.502,{66141:84578},,,
ParttimeDriver741shift1,GlobalRHM,Car,423474.2859,4513357.35,{24667:31280},,,
ParttimeDriver741shift2,GlobalRHM,Car,423474.2859,4513357.35,{67237:68967},,,
ParttimeDriver743shift1,GlobalRHM,Car,428925.7807,4486784.467,{35425:41266},,,
ParttimeDriver746shift1,GlobalRHM,Car,424420.4133,4512211.617,{19445:34211},,,
ParttimeDriver746shift2,GlobalRHM,Car,417050.0166,4557982.104,{59274:64408},,,
ParttimeDriver750shift1,GlobalRHM,Car,423057.5458,4512878.418,{23572:38886},,,
ParttimeDriver751shift1,GlobalRHM,Car,419225.8464,4563224.951,{67990:68611},,,
ParttimeDriver755shift1,GlobalRHM,Car,423319.0968,4513680.409,{60370:76635},,,
ParttimeDriver756shift1,GlobalRHM,Car,420971.4921,4564613.38,{59542:64841},,,
ParttimeDriver761shift1,GlobalRHM,Car,425187.4571,4532055.25,{57641:58137},,,
ParttimeDriver765shift1,GlobalRHM,Car,425628.5803,4512200.228,{44296:51134},,,
ParttimeDriver765shift2,GlobalRHM,Car,421785.9626,4557374.021,{60027:75439},,,
ParttimeDriver768shift1,GlobalRHM,Car,423709.4312,4513547.693,{64022:91372},,,
ParttimeDriver769shift1,GlobalRHM,Car,416272.7717,4502967.631,{27104:51140},,,
ParttimeDriver769shift2,GlobalRHM,Car,424901.3872,4511965.424,{60308:65904},,,
ParttimeDriver770shift1,GlobalRHM,Car,424915.2281,4513413.695,{26828:41966},,,
ParttimeDriver770shift2,GlobalRHM,Car,425555.5956,4513748.323,{62341:69080},,,
ParttimeDriver775shift1,GlobalRHM,Car,424414.4516,4511607.655,{31290:45200},,,
ParttimeDriver775shift2,GlobalRHM,Car,425628.5803,4512200.228,{64861:78818},,,
ParttimeDriver776shift1,GlobalRHM,Car,418540.0567,4493036.246,{32600:40823},,,
ParttimeDriver777shift1,GlobalRHM,Car,424183.8063,4512696.506,{21082:24957},,,
ParttimeDriver777shift2,GlobalRHM,Car,425628.5803,4512200.228,{56750:58654},,,
ParttimeDriver779shift1,GlobalRHM,Car,407610.2222,4467740.881,{21904:51077},,,
ParttimeDriver782shift1,GlobalRHM,Car,425555.5956,4513748.323,{24825:36701},,,
ParttimeDriver782shift2,GlobalRHM,Car,424414.4516,4511607.655,{52673:62396},,,
ParttimeDriver782shift3,GlobalRHM,Car,424901.3872,4511965.424,{52829:63471},,,
ParttimeDriver784shift1,GlobalRHM,Car,421075.0329,4559427.977,{49405:56515},,,
ParttimeDriver784shift2,GlobalRHM,Car,424915.2281,4513413.695,{59122:59859},,,
ParttimeDriver785shift1,GlobalRHM,Car,423938.4472,4512216.133,{27268:42976},,,
ParttimeDriver787shift1,GlobalRHM,Car,425139.3416,4511600.797,{27339:47325},,,
ParttimeDriver787shift2,GlobalRHM,Car,423460.9866,4512824.273,{49411:67347},,,
ParttimeDriver788shift1,GlobalRHM,Car,424173.0841,4511609.946,{26442:56308},,,
ParttimeDriver791shift1,GlobalRHM,Car,423319.0968,4513680.409,{48175:51063},,,
ParttimeDriver793shift1,GlobalRHM,Car,425633.2063,4512682.664,{62014:80853},,,
ParttimeDriver794shift1,GlobalRHM,Car,448315.3939,4447485.236,{14737:15978},,,
ParttimeDriver800shift1,GlobalRHM,Car,423692.2101,4511614.086,{51019:54303},,,
ParttimeDriver800shift2,GlobalRHM,Car,423702.3114,4512821.987,{59105:69809},,,
ParttimeDriver803shift1,GlobalRHM,Car,424673.5206,4513416.123,{11195:37432},,,
ParttimeDriver803shift2,GlobalRHM,Car,425622.8777,4511596.364,{63114:63814},,,
ParttimeDriver804shift1,GlobalRHM,Car,417565.3961,4566766.998,{24879:43742},,,
ParttimeDriver804shift2,GlobalRHM,Car,423709.4312,4513547.693,{56184:72645},,,
ParttimeDriver814shift1,GlobalRHM,Car,421330.5645,4525777.937,{25133:31146},,,
ParttimeDriver814shift2,GlobalRHM,Car,423709.4312,4513547.693,{58498:65258},,,
ParttimeDriver817shift1,GlobalRHM,Car,410977.7203,4505206.299,{25489:34721},,,
ParttimeDriver817shift2,GlobalRHM,Car,425393.7716,4512926.31,{47416:50744},,,
ParttimeDriver817shift3,GlobalRHM,Car,442922.52,4454069.085,{65349:65965},,,
ParttimeDriver818shift1,GlobalRHM,Car,423940.2821,4512457.55,{28439:51342},,,
ParttimeDriver822shift1,GlobalRHM,Car,422867.3301,4502653.603,{27079:42445},,,
ParttimeDriver824shift1,GlobalRHM,Car,425391.4114,4512684.927,{64480:70895},,,
ParttimeDriver826shift1,GlobalRHM,Car,425640.0796,4513406.555,{27171:47522},,,
ParttimeDriver828shift1,GlobalRHM,Car,425238.1097,4513660.68,{25190:46302},,,
ParttimeDriver828shift2,GlobalRHM,Car,425238.1097,4513660.68,{53387:61742},,,
ParttimeDriver829shift1,GlobalRHM,Car,420335.4849,4574988.524,{23366:40808},,,
ParttimeDriver830shift1,GlobalRHM,Car,422190.9679,4502531.723,{27904:37703},,,
ParttimeDriver830shift2,GlobalRHM,Car,415791.0196,4565896.682,{47270:56908},,,
ParttimeDriver833shift1,GlobalRHM,Car,423319.0968,4513680.409,{58160:68468},,,
ParttimeDriver845shift1,GlobalRHM,Car,412414.5881,4482443.9,{18872:29559},,,
ParttimeDriver847shift1,GlobalRHM,Car,425238.1097,4513660.68,{27957:45484},,,
ParttimeDriver847shift2,GlobalRHM,Car,424176.6697,4511972.28,{71660:73931},,,
ParttimeDriver848shift1,GlobalRHM,Car,431980.687,4470394.358,{22989:39081},,,
ParttimeDriver857shift1,GlobalRHM,Car,424188.5013,4513179.347,{24069:46543},,,
ParttimeDriver857shift2,GlobalRHM,Car,424673.5206,4513416.123,{59814:72458},,,
ParttimeDriver859shift1,GlobalRHM,Car,441319.5212,4455807.964,{24139:35877},,,
ParttimeDriver860shift1,GlobalRHM,Car,425633.2063,4512682.664,{32283:37171},,,
ParttimeDriver860shift2,GlobalRHM,Car,425396.1357,4513167.768,{61427:68019},,,
ParttimeDriver861shift1,GlobalRHM,Car,425384.5885,4511960.915,{60400:64729},,,
ParttimeDriver863shift1,GlobalRHM,Car,410052.6064,4498277.217,{29750:30075},,,
ParttimeDriver864shift1,GlobalRHM,Car,424901.3872,4511965.424,{73639:84282},,,
ParttimeDriver866shift1,GlobalRHM,Car,425163.4268,4529958.016,{27332:39311},,,
ParttimeDriver866shift2,GlobalRHM,Car,407291.7072,4505304.913,{53905:57998},,,
ParttimeDriver867shift1,GlobalRHM,Car,423709.4312,4513547.693,{33739:36605},,,
ParttimeDriver867shift2,GlobalRHM,Car,414460.614,4600258.315,{44714:48737},,,
ParttimeDriver867shift3,GlobalRHM,Car,423871.7945,4523235.161,{56016:60448},,,
ParttimeDriver872shift1,GlobalRHM,Car,425391.4114,4512684.927,{24154:33336},,,
ParttimeDriver872shift2,GlobalRHM,Car,425386.7898,4512202.406,{64431:81575},,,
ParttimeDriver879shift1,GlobalRHM,Car,425238.1097,4513660.68,{65180:73253},,,
ParttimeDriver880shift1,GlobalRHM,Car,423947.2449,4513181.806,{23921:31443},,,
ParttimeDriver882shift1,GlobalRHM,Car,424915.2281,4513413.695,{13343:20458},,,
ParttimeDriver883shift1,GlobalRHM,Car,423319.0968,4513680.409,{22029:38213},,,
ParttimeDriver883shift2,GlobalRHM,Car,420270.3053,4518725.04,{42611:52844},,,
ParttimeDriver886shift1,GlobalRHM,Car,425386.7898,4512202.406,{26627:40815},,,
ParttimeDriver886shift2,GlobalRHM,Car,423692.2101,4511614.086,{58334:62341},,,
ParttimeDriver888shift1,GlobalRHM,Car,413560.6524,4593552.595,{25142:45154},,,
ParttimeDriver889shift1,GlobalRHM,Car,412779.9109,4558468.392,{63260:64557},,,
ParttimeDriver892shift1,GlobalRHM,Car,424414.4516,4511607.655,{3438:8110},,,
ParttimeDriver894shift1,GlobalRHM,Car,413998.8821,4581797.163,{21818:43489},,,
ParttimeDriver897shift1,GlobalRHM,Car,425386.7898,4512202.406,{31833:47140},,,
ParttimeDriver898shift1,GlobalRHM,Car,414476.8959,4544153.021,{24221:27484},,,
ParttimeDriver898shift2,GlobalRHM,Car,424183.8063,4512696.506,{56547:59943},,,
ParttimeDriver898shift3,GlobalRHM,Car,423951.9787,4545063.095,{65152:82386},,,
ParttimeDriver899shift1,GlobalRHM,Car,405962.6916,4458912.828,{24640:53941},,,
ParttimeDriver899shift2,GlobalRHM,Car,423933.5342,4511612.301,{56961:65858},,,
ParttimeDriver903shift1,GlobalRHM,Car,439759.2529,4463011.721,{27986:55881},,,
ParttimeDriver903shift2,GlobalRHM,Car,414043.9458,4580216.096,{57563:60239},,,
ParttimeDriver904shift1,GlobalRHM,Car,423697.0212,4512218.333,{18578:40115},,,
ParttimeDriver911shift1,GlobalRHM,Car,407291.7072,4505304.913,{22855:32095},,,
ParttimeDriver912shift1,GlobalRHM,Car,425396.1357,4513167.768,{66748:72619},,,
ParttimeDriver913shift1,GlobalRHM,Car,417231.1138,4561788.717,{22288:39236},,,
ParttimeDriver919shift1,GlobalRHM,Car,425139.3416,4511600.797,{30336:41457},,,
ParttimeDriver921shift1,GlobalRHM,Car,423236.5277,4513213.179,{53158:58542},,,
ParttimeDriver921shift2,GlobalRHM,Car,425633.2063,4512682.664,{62562:90808},,,
ParttimeDriver923shift1,GlobalRHM,Car,424666.5469,4512691.742,{28740:28795},,,
ParttimeDriver923shift2,GlobalRHM,Car,422392.1182,4512850.244,{52306:53172},,,
ParttimeDriver925shift1,GlobalRHM,Car,423319.0968,4513680.409,{2773:12488},,,
ParttimeDriver927shift1,GlobalRHM,Car,425386.7898,4512202.406,{66628:68148},,,
ParttimeDriver932shift1,GlobalRHM,Car,440995.5944,4454701.478,{57538:59000},,,
ParttimeDriver932shift2,GlobalRHM,Car,425154.6303,4513170.118,{65022:72723},,,
ParttimeDriver934shift1,GlobalRHM,Car,440490.8084,4458943.05,{54418:78299},,,
ParttimeDriver935shift1,GlobalRHM,Car,424901.3872,4511965.424,{69268:85348},,,
ParttimeDriver940shift1,GlobalRHM,Car,423709.4312,4513547.693,{24782:34711},,,
ParttimeDriver942shift1,GlobalRHM,Car,424901.3872,4511965.424,{19912:35439},,,
ParttimeDriver943shift1,GlobalRHM,Car,425238.1097,4513660.68,{25865:48167},,,
ParttimeDriver948shift1,GlobalRHM,Car,417784.87,4576919.706,{31913:38516},,,
ParttimeDriver948shift2,GlobalRHM,Car,425640.0796,4513406.555,{44607:46948},,,
ParttimeDriver957shift1,GlobalRHM,Car,424183.8063,4512696.506,{62089:73469},,,
ParttimeDriver959shift1,GlobalRHM,Car,425633.2063,4512682.664,{26870:45589},,,
ParttimeDriver959shift2,GlobalRHM,Car,418455.9499,4484157.466,{52106:59775},,,
ParttimeDriver960shift1,GlobalRHM,Car,425555.5956,4513748.323,{60141:68051},,,
ParttimeDriver960shift2,GlobalRHM,Car,423705.9415,4513184.202,{69777:79176},,,
ParttimeDriver962shift1,GlobalRHM,Car,423944.852,4512940.312,{41347:43580},,,
ParttimeDriver962shift2,GlobalRHM,Car,419313.4409,4504309.386,{67452:70741},,,
ParttimeDriver964shift1,GlobalRHM,Car,425238.1097,4513660.68,{58052:68997},,,
ParttimeDriver968shift1,GlobalRHM,Car,423709.4312,4513547.693,{23102:43703},,,
ParttimeDriver969shift1,GlobalRHM,Car,424420.4133,4512211.617,{23886:35945},,,
ParttimeDriver970shift1,GlobalRHM,Car,425396.1357,4513167.768,{29876:36939},,,
ParttimeDriver971shift1,GlobalRHM,Car,427787.791,4507649.743,{23615:33569},,,
ParttimeDriver972shift1,GlobalRHM,Car,413207.4319,4585666.287,{28862:29296},,,
ParttimeDriver974shift1,GlobalRHM,Car,423702.3114,4512821.987,{26893:42980},,,
ParttimeDriver974shift2,GlobalRHM,Car,424427.5326,4512935.669,{55391:60965},,,
ParttimeDriver983shift1,GlobalRHM,Car,425555.5956,4513748.323,{29457:46639},,,
ParttimeDriver983shift2,GlobalRHM,Car,424666.5469,4512691.742,{67504:86092},,,
ParttimeDriver984shift1,GlobalRHM,Car,424915.2281,4513413.695,{35869:39999},,,
ParttimeDriver984shift2,GlobalRHM,Car,425622.8777,4511596.364,{39364:41910},,,
ParttimeDriver984shift3,GlobalRHM,Car,445582.2398,4454867.898,{64445:68665},,,
ParttimeDriver986shift1,GlobalRHM,Car,424179.0155,4512213.837,{28010:57269},,,
ParttimeDriver987shift1,GlobalRHM,Car,424975.4581,4522759.457,{32256:37559},,,
ParttimeDriver987shift2,GlobalRHM,Car,425635.4474,4512924.059,{68532:70125},,,
ParttimeDriver988shift1,GlobalRHM,Car,420424.3661,4565805.173,{77266:88062},,,
ParttimeDriver989shift1,GlobalRHM,Car,425555.5956,4513748.323,{26009:39694},,,
ParttimeDriver990shift1,GlobalRHM,Car,425626.2483,4511958.72,{81584:102899},,,
ParttimeDriver992shift1,GlobalRHM,Car,414274.0996,4510810.759,{27053:31849},,,
ParttimeDriver992shift2,GlobalRHM,Car,423722.9071,4524437.161,{39069:42487},,,
ParttimeDriver994shift1,GlobalRHM,Car,423709.4312,4513547.693,{30764:48989},,,
ParttimeDriver994shift2,GlobalRHM,Car,425139.3416,4511600.797,{57537:66459},,,
ParttimeDriver995shift1,GlobalRHM,Car,419546.378,4554466.181,{60954:67448},,,
ParttimeDriver999shift1,GlobalRHM,Car,418656.4479,4505322.892,{82554:88102},,,
ParttimeDriver1001shift1,GlobalRHM,Car,423933.5342,4511612.301,{64865:71309},,,
ParttimeDriver1003shift1,GlobalRHM,Car,425393.7716,4512926.31,{29884:47191},,,
ParttimeDriver1004shift1,GlobalRHM,Car,423709.4312,4513547.693,{63560:81667},,,
ParttimeDriver1008shift1,GlobalRHM,Car,413253.2113,4571066.269,{24538:31480},,,
ParttimeDriver1008shift2,GlobalRHM,Car,425555.5956,4513748.323,{37034:38051},,,
ParttimeDriver1011shift1,GlobalRHM,Car,424186.1885,4512937.973,{28431:53409},,,
ParttimeDriver1012shift1,GlobalRHM,Car,423249.6967,4512355.647,{82017:84593},,,
ParttimeDriver1016shift1,GlobalRHM,Car,423338.5087,4511765.746,{79426:98857},,,
ParttimeDriver1017shift1,GlobalRHM,Car,424425.126,4512694.193,{23956:36622},,,
ParttimeDriver1018shift1,GlobalRHM,Car,408725.3152,4559694.168,{29891:34002},,,
ParttimeDriver1018shift2,GlobalRHM,Car,424420.4133,4512211.617,{44247:51747},,,
ParttimeDriver1018shift3,GlobalRHM,Car,435572.6452,4461376.112,{61776:82801},,,
ParttimeDriver1019shift1,GlobalRHM,Car,425635.4474,4512924.059,{25155:45554},,,
ParttimeDriver1019shift2,GlobalRHM,Car,423474.2859,4513357.35,{53868:68732},,,
ParttimeDriver1022shift1,GlobalRHM,Car,423702.3114,4512821.987,{80585:86409},,,
ParttimeDriver1025shift1,GlobalRHM,Car,423705.9415,4513184.202,{28291:35851},,,
ParttimeDriver1029shift1,GlobalRHM,Car,425381.0431,4511598.726,{35935:41257},,,
ParttimeDriver1029shift2,GlobalRHM,Car,425386.7898,4512202.406,{46152:47465},,,
ParttimeDriver1030shift1,GlobalRHM,Car,425384.5885,4511960.915,{25601:51949},,,
ParttimeDriver1031shift1,GlobalRHM,Car,410054.137,4460987.131,{79829:86551},,,
ParttimeDriver1036shift1,GlobalRHM,Car,425386.7898,4512202.406,{75050:83624},,,
ParttimeDriver1038shift1,GlobalRHM,Car,423947.2449,4513181.806,{22147:31717},,,
ParttimeDriver1038shift2,GlobalRHM,Car,425381.0431,4511598.726,{59076:60371},,,
ParttimeDriver1041shift1,GlobalRHM,Car,409471.0157,4507810.246,{39758:40599},,,
ParttimeDriver1041shift2,GlobalRHM,Car,410282.0637,4600358.814,{61273:68690},,,
ParttimeDriver1042shift1,GlobalRHM,Car,425622.8777,4511596.364,{34453:50449},,,
ParttimeDriver1042shift2,GlobalRHM,Car,425139.3416,4511600.797,{60522:60986},,,
ParttimeDriver1043shift1,GlobalRHM,Car,423709.4312,4513547.693,{45305:53169},,,
ParttimeDriver1043shift2,GlobalRHM,Car,410968.7339,4507866.302,{64721:85805},,,
ParttimeDriver1044shift1,GlobalRHM,Car,429067.0042,4504041.973,{25761:59914},,,
ParttimeDriver1045shift1,GlobalRHM,Car,423236.5277,4513213.179,{22460:51799},,,
ParttimeDriver1045shift2,GlobalRHM,Car,425393.7716,4512926.31,{66565:68235},,,
ParttimeDriver1046shift1,GlobalRHM,Car,445215.6527,4453264.749,{27646:44294},,,
ParttimeDriver1049shift1,GlobalRHM,Car,419252.6476,4564155.539,{50634:57563},,,
ParttimeDriver1049shift2,GlobalRHM,Car,418358.0971,4565356.354,{66056:89124},,,
ParttimeDriver1050shift1,GlobalRHM,Car,425238.1097,4513660.68,{45103:47424},,,
ParttimeDriver1050shift2,GlobalRHM,Car,428211.0013,4493761.968,{62219:63381},,,
ParttimeDriver1054shift1,GlobalRHM,Car,424673.5206,4513416.123,{63530:90680},,,
ParttimeDriver1055shift1,GlobalRHM,Car,423709.4312,4513547.693,{26549:34785},,,
ParttimeDriver1056shift1,GlobalRHM,Car,425637.7254,4513165.435,{76315:79544},,,
ParttimeDriver1057shift1,GlobalRHM,Car,425386.7898,4512202.406,{25842:36465},,,
ParttimeDriver1058shift1,GlobalRHM,Car,425139.3416,4511600.797,{61681:61857},,,
ParttimeDriver1059shift1,GlobalRHM,Car,424901.3872,4511965.424,{55772:58769},,,
ParttimeDriver1059shift2,GlobalRHM,Car,425637.7254,4513165.435,{66191:73103},,,
ParttimeDriver1062shift1,GlobalRHM,Car,423944.852,4512940.312,{21959:37633},,,
ParttimeDriver1064shift1,GlobalRHM,Car,411621.8236,4572749.114,{26762:50862},,,
ParttimeDriver1069shift1,GlobalRHM,Car,425156.8897,4513411.372,{77567:81340},,,
ParttimeDriver1070shift1,GlobalRHM,Car,418744.9198,4562775.275,{63876:75930},,,
ParttimeDriver1072shift1,GlobalRHM,Car,425156.8897,4513411.372,{52306:59861},,,
ParttimeDriver1072shift2,GlobalRHM,Car,424668.8524,4512933.279,{66820:75949},,,
ParttimeDriver1073shift1,GlobalRHM,Car,425391.4114,4512684.927,{67591:78481},,,
ParttimeDriver1074shift1,GlobalRHM,Car,425626.2483,4511958.72,{26665:58929},,,
ParttimeDriver1076shift1,GlobalRHM,Car,415863.7133,4559829.676,{22224:38426},,,
ParttimeDriver1080shift1,GlobalRHM,Car,423709.4312,4513547.693,{26936:29278},,,
ParttimeDriver1083shift1,GlobalRHM,Car,416034.0582,4503626.637,{31482:38502},,,
ParttimeDriver1086shift1,GlobalRHM,Car,425238.1097,4513660.68,{20634:29720},,,
ParttimeDriver1088shift1,GlobalRHM,Car,409472.558,4505197.376,{23101:31575},,,
ParttimeDriver1089shift1,GlobalRHM,Car,414201.1541,4556675.627,{22733:27102},,,
ParttimeDriver1090shift1,GlobalRHM,Car,425381.0431,4511598.726,{23963:41452},,,
ParttimeDriver1090shift2,GlobalRHM,Car,424420.4133,4512211.617,{47744:51724},,,
ParttimeDriver1093shift1,GlobalRHM,Car,423474.2859,4513357.35,{68051:71450},,,
ParttimeDriver1094shift1,GlobalRHM,Car,410629.9605,4483644.159,{46497:48474},,,
ParttimeDriver1096shift1,GlobalRHM,Car,425633.2063,4512682.664,{42122:48864},,,
ParttimeDriver1097shift1,GlobalRHM,Car,424186.1885,4512937.973,{63753:87472},,,
ParttimeDriver1099shift1,GlobalRHM,Car,416306.6039,4500322.468,{74189:82071},,,
OccaDriver5shift1,GlobalRHM,Car,425555.5956,4513748.323,{67851:70747},,,
OccaDriver7shift1,GlobalRHM,Car,413736.8396,4585639.345,{30589:33196},,,
OccaDriver12shift1,GlobalRHM,Car,425154.6303,4513170.118,{27661:31013},,,
OccaDriver13shift1,GlobalRHM,Car,425555.5956,4513748.323,{58971:61211},,,
OccaDriver30shift1,GlobalRHM,Car,425628.5803,4512200.228,{23190:26045},,,
OccaDriver38shift1,GlobalRHM,Car,425555.5956,4513748.323,{48551:55741},,,
OccaDriver42shift1,GlobalRHM,Car,425054.2152,4488944.674,{77981:88695},,,
OccaDriver45shift1,GlobalRHM,Car,425152.2289,4512928.791,{26221:28792},,,
OccaDriver48shift1,GlobalRHM,Car,425948.4066,4522436.207,{18138:28833},,,
OccaDriver53shift1,GlobalRHM,Car,425622.8777,4511596.364,{37485:40341},,,
OccaDriver54shift1,GlobalRHM,Car,424897.8191,4511603.152,{28925:34392},,,
OccaDriver55shift1,GlobalRHM,Car,423938.4472,4512216.133,{32141:36048},,,
OccaDriver55shift2,GlobalRHM,Car,424420.4133,4512211.617,{50804:53239},,,
OccaDriver56shift1,GlobalRHM,Car,412803.6661,4483481.892,{63886:66205},,,
OccaDriver58shift1,GlobalRHM,Car,417050.0166,4557982.104,{27708:34341},,,
OccaDriver58shift2,GlobalRHM,Car,411996.6774,4488420.799,{60150:63029},,,
OccaDriver62shift1,GlobalRHM,Car,424915.2281,4513413.695,{27282:35765},,,
OccaDriver70shift1,GlobalRHM,Car,406948.052,4507662.405,{47812:48769},,,
OccaDriver85shift1,GlobalRHM,Car,420157.1425,4545187.097,{72133:73107},,,
OccaDriver91shift1,GlobalRHM,Car,418651.8453,4504869.592,{65039:71539},,,
OccaDriver91shift2,GlobalRHM,Car,413203.9474,4507579.727,{75986:81240},,,
OccaDriver93shift1,GlobalRHM,Car,425386.7898,4512202.406,{59691:70017},,,
OccaDriver107shift1,GlobalRHM,Car,422989.5594,4552369.686,{67590:71072},,,
OccaDriver121shift1,GlobalRHM,Car,425628.5803,4512200.228,{28196:40959},,,
OccaDriver126shift1,GlobalRHM,Car,434025.0351,4434658.913,{2644:3973},,,
OccaDriver131shift1,GlobalRHM,Car,424908.2211,4512689.643,{28542:30414},,,
OccaDriver133shift1,GlobalRHM,Car,425238.1097,4513660.68,{78934:89390},,,
OccaDriver135shift1,GlobalRHM,Car,423319.0968,4513680.409,{61851:76326},,,
OccaDriver145shift1,GlobalRHM,Car,425626.2483,4511958.72,{25690:37279},,,
OccaDriver151shift1,GlobalRHM,Car,424666.5469,4512691.742,{79005:79130},,,
OccaDriver155shift1,GlobalRHM,Car,424915.2281,4513413.695,{82614:88050},,,
OccaDriver164shift1,GlobalRHM,Car,410988.1053,4504402.301,{34888:35770},,,
OccaDriver168shift1,GlobalRHM,Car,424339.684,4535078.481,{25765:29607},,,
OccaDriver168shift2,GlobalRHM,Car,414884.8875,4595150.669,{59684:65272},,,
OccaDriver179shift1,GlobalRHM,Car,425637.7254,4513165.435,{31608:37725},,,
OccaDriver180shift1,GlobalRHM,Car,442283.1503,4459001.862,{81029:82297},,,
OccaDriver208shift1,GlobalRHM,Car,423944.852,4512940.312,{30387:31884},,,
OccaDriver218shift1,GlobalRHM,Car,415945.2581,4564111.37,{80467:84589},,,
OccaDriver227shift1,GlobalRHM,Car,425386.7898,4512202.406,{27872:36227},,,
OccaDriver242shift1,GlobalRHM,Car,425156.8897,4513411.372,{29401:29886},,,
OccaDriver243shift1,GlobalRHM,Car,424915.2281,4513413.695,{32545:33718},,,
OccaDriver250shift1,GlobalRHM,Car,424173.0841,4511609.946,{18084:22600},,,
OccaDriver252shift1,GlobalRHM,Car,424186.1885,4512937.973,{86366:90806},,,
OccaDriver268shift1,GlobalRHM,Car,423944.852,4512940.312,{27952:30882},,,
OccaDriver274shift1,GlobalRHM,Car,424183.8063,4512696.506,{7839:8155},,,
OccaDriver283shift1,GlobalRHM,Car,424420.4133,4512211.617,{72641:78113},,,
OccaDriver289shift1,GlobalRHM,Car,412196.1314,4504785.163,{66393:70201},,,
OccaDriver301shift1,GlobalRHM,Car,415791.0196,4565896.682,{57270:69736},,,
OccaDriver308shift1,GlobalRHM,Car,435640.3703,4438221.712,{84957:86723},,,
OccaDriver321shift1,GlobalRHM,Car,423249.6967,4512355.647,{22079:34403},,,
OccaDriver321shift2,GlobalRHM,Car,425633.2063,4512682.664,{55481:56262},,,
OccaDriver331shift1,GlobalRHM,Car,425393.7716,4512926.31,{26773:32187},,,
OccaDriver339shift1,GlobalRHM,Car,416296.2666,4596059.057,{56666:62530},,,
OccaDriver343shift1,GlobalRHM,Car,425381.0431,4511598.726,{27384:33795},,,
OccaDriver344shift1,GlobalRHM,Car,421575.1939,4565207.889,{62068:66419},,,
OccaDriver345shift1,GlobalRHM,Car,425384.5885,4511960.915,{64011:76636},,,
OccaDriver354shift1,GlobalRHM,Car,423933.5342,4511612.301,{76117:82969},,,
OccaDriver370shift1,GlobalRHM,Car,425637.7254,4513165.435,{64651:70295},,,
OccaDriver371shift1,GlobalRHM,Car,425640.0796,4513406.555,{68690:79319},,,
OccaDriver372shift1,GlobalRHM,Car,423474.2859,4513357.35,{34632:39224},,,
OccaDriver377shift1,GlobalRHM,Car,423692.2101,4511614.086,{64444:70320},,,
OccaDriver381shift1,GlobalRHM,Car,423702.3114,4512821.987,{58136:59974},,,
OccaDriver382shift1,GlobalRHM,Car,426175.0501,4473570.588,{58789:59039},,,
OccaDriver385shift1,GlobalRHM,Car,425396.1357,4513167.768,{17743:24440},,,
OccaDriver393shift1,GlobalRHM,Car,424414.4516,4511607.655,{57327:65833},,,
OccaDriver409shift1,GlobalRHM,Car,423249.6967,4512355.647,{66724:74972},,,
OccaDriver410shift1,GlobalRHM,Car,425391.4114,4512684.927,{72970:73014},,,
OccaDriver411shift1,GlobalRHM,Car,425393.7716,4512926.31,{61620:66194},,,
OccaDriver412shift1,GlobalRHM,Car,423936.4032,4511974.568,{49863:50954},,,
OccaDriver432shift1,GlobalRHM,Car,408139.1076,4506790.951,{62868:67192},,,
OccaDriver438shift1,GlobalRHM,Car,416593.9358,4560919.899,{81323:86615},,,
OccaDriver441shift1,GlobalRHM,Car,424173.0841,4511609.946,{65619:71544},,,
OccaDriver457shift1,GlobalRHM,Car,425396.1357,4513167.768,{23069:26068},,,
OccaDriver461shift1,GlobalRHM,Car,425139.3416,4511600.797,{26338:33804},,,
OccaDriver463shift1,GlobalRHM,Car,411996.6774,4488420.799,{40863:41157},,,
OccaDriver494shift1,GlobalRHM,Car,423319.0968,4513680.409,{72544:73593},,,
OccaDriver498shift1,GlobalRHM,Car,409506.6125,4483947.748,{55379:64469},,,
OccaDriver506shift1,GlobalRHM,Car,425154.6303,4513170.118,{6174:11087},,,
OccaDriver509shift1,GlobalRHM,Car,420098.4057,4561620.352,{27377:35456},,,
OccaDriver515shift1,GlobalRHM,Car,423338.5087,4511765.746,{86142:92840},,,
OccaDriver528shift1,GlobalRHM,Car,423474.2859,4513357.35,{73831:75964},,,
OccaDriver529shift1,GlobalRHM,Car,425172.1772,4503993.098,{76562:80926},,,
OccaDriver531shift1,GlobalRHM,Car,425633.2063,4512682.664,{3342:3863},,,
OccaDriver541shift1,GlobalRHM,Car,424188.5013,4513179.347,{18854:22112},,,
OccaDriver552shift1,GlobalRHM,Car,423474.2859,4513357.35,{41036:45510},,,
OccaDriver552shift2,GlobalRHM,Car,425238.1097,4513660.68,{61388:75788},,,
OccaDriver557shift1,GlobalRHM,Car,409472.558,4505197.376,{60211:63721},,,
OccaDriver557shift2,GlobalRHM,Car,425381.0431,4511598.726,{72015:73976},,,
OccaDriver572shift1,GlobalRHM,Car,433851.2294,4475460.966,{83182:90219},,,
OccaDriver582shift1,GlobalRHM,Car,424183.8063,4512696.506,{58883:60158},,,
OccaDriver583shift1,GlobalRHM,Car,423947.2449,4513181.806,{39467:45820},,,
OccaDriver598shift1,GlobalRHM,Car,415301.5139,4562880.672,{75128:78082},,,
OccaDriver601shift1,GlobalRHM,Car,423057.5458,4512878.418,{26740:34159},,,
OccaDriver602shift1,GlobalRHM,Car,417428.6494,4573080.34,{31968:34593},,,
OccaDriver603shift1,GlobalRHM,Car,410968.7339,4507866.302,{25670:39637},,,
OccaDriver603shift2,GlobalRHM,Car,409506.6125,4483947.748,{60429:73607},,,
OccaDriver608shift1,GlobalRHM,Car,414370.8393,4597691.842,{56357:61817},,,
OccaDriver609shift1,GlobalRHM,Car,423236.5277,4513213.179,{22557:30916},,,
OccaDriver611shift1,GlobalRHM,Car,450289.032,4444239.825,{29695:33084},,,
OccaDriver629shift1,GlobalRHM,Car,411287.6619,4503803.346,{68592:72993},,,
OccaDriver631shift1,GlobalRHM,Car,423702.3114,4512821.987,{69298:77774},,,
OccaDriver636shift1,GlobalRHM,Car,416468.8292,4573151.142,{63851:74400},,,
OccaDriver642shift1,GlobalRHM,Car,425555.5956,4513748.323,{65016:74238},,,
OccaDriver648shift1,GlobalRHM,Car,424901.3872,4511965.424,{28772:33745},,,
OccaDriver650shift1,GlobalRHM,Car,423940.2821,4512457.55,{58003:58527},,,
OccaDriver652shift1,GlobalRHM,Car,425384.5885,4511960.915,{77607:85011},,,
OccaDriver653shift1,GlobalRHM,Car,423319.0968,4513680.409,{30271:37326},,,
OccaDriver653shift2,GlobalRHM,Car,431548.1028,4510847.924,{52774:58962},,,
OccaDriver670shift1,GlobalRHM,Car,414884.8875,4595150.669,{59874:62560},,,
OccaDriver671shift1,GlobalRHM,Car,424901.3872,4511965.424,{15054:20778},,,
OccaDriver680shift1,GlobalRHM,Car,424176.6697,4511972.28,{26383:42733},,,
OccaDriver685shift1,GlobalRHM,Car,426564.7555,4490657.713,{10182:11937},,,
OccaDriver687shift1,GlobalRHM,Car,411677.9501,4460143.464,{25621:33269},,,
OccaDriver703shift1,GlobalRHM,Car,424179.0155,4512213.837,{63572:77045},,,
OccaDriver704shift1,GlobalRHM,Car,425391.4114,4512684.927,{28099:44635},,,
OccaDriver705shift1,GlobalRHM,Car,425628.5803,4512200.228,{25294:31921},,,
OccaDriver707shift1,GlobalRHM,Car,417536.2943,4565292.065,{31818:31969},,,
OccaDriver718shift1,GlobalRHM,Car,416062.9388,4571167.78,{57481:59215},,,
OccaDriver735shift1,GlobalRHM,Car,422442.9527,4504646.654,{37011:46551},,,
OccaDriver749shift1,GlobalRHM,Car,423709.4312,4513547.693,{27255:27340},,,
OccaDriver752shift1,GlobalRHM,Car,424414.4516,4511607.655,{20780:31478},,,
OccaDriver754shift1,GlobalRHM,Car,414393.9067,4502738.15,{29464:36219},,,
OccaDriver756shift1,GlobalRHM,Car,423709.4312,4513547.693,{51178:53248},,,
OccaDriver759shift1,GlobalRHM,Car,423585.305,4554526.44,{25367:43443},,,
OccaDriver773shift1,GlobalRHM,Car,425386.7898,4512202.406,{66482:69865},,,
OccaDriver776shift1,GlobalRHM,Car,424668.8524,4512933.279,{62572:64369},,,
OccaDriver779shift1,GlobalRHM,Car,419265.6356,4564619.196,{71741:78525},,,
OccaDriver782shift1,GlobalRHM,Car,424427.5326,4512935.669,{78175:79195},,,
OccaDriver795shift1,GlobalRHM,Car,425635.4474,4512924.059,{77565:80564},,,
OccaDriver805shift1,GlobalRHM,Car,421365.6016,4527729.16,{72905:76787},,,
OccaDriver806shift1,GlobalRHM,Car,424673.5206,4513416.123,{34964:36122},,,
OccaDriver813shift1,GlobalRHM,Car,423709.4312,4513547.693,{85457:87615},,,
OccaDriver816shift1,GlobalRHM,Car,425622.8777,4511596.364,{103:5389},,,
OccaDriver842shift1,GlobalRHM,Car,420065.9039,4564132.598,{76019:85782},,,
OccaDriver846shift1,GlobalRHM,Car,425238.1097,4513660.68,{62688:69929},,,
OccaDriver848shift1,GlobalRHM,Car,418757.9801,4563239.667,{44048:45104},,,
OccaDriver860shift1,GlobalRHM,Car,425238.1097,4513660.68,{82645:86226},,,
OccaDriver869shift1,GlobalRHM,Car,412379.0191,4503604.541,{34369:42416},,,
OccaDriver869shift2,GlobalRHM,Car,419400.7468,4565808.167,{76530:78835},,,
OccaDriver881shift1,GlobalRHM,Car,424173.0841,4511609.946,{30972:37357},,,
OccaDriver883shift1,GlobalRHM,Car,407368.5854,4503202.108,{24012:33299},,,
OccaDriver888shift1,GlobalRHM,Car,421899.4386,4511361.136,{30276:31545},,,
OccaDriver888shift2,GlobalRHM,Car,425393.7716,4512926.31,{69197:79896},,,
OccaDriver908shift1,GlobalRHM,Car,423702.3114,4512821.987,{19319:19615},,,
OccaDriver911shift1,GlobalRHM,Car,441814.9462,4459025.051,{28423:45977},,,
OccaDriver918shift1,GlobalRHM,Car,423460.9866,4512824.273,{69781:73856},,,
OccaDriver926shift1,GlobalRHM,Car,423474.2859,4513357.35,{25374:26929},,,
OccaDriver934shift1,GlobalRHM,Car,443951.8063,4439796.877,{27729:28182},,,
OccaDriver937shift1,GlobalRHM,Car,413881.583,4594715.919,{37294:42253},,,
OccaDriver939shift1,GlobalRHM,Car,423947.2449,4513181.806,{27562:34654},,,
OccaDriver943shift1,GlobalRHM,Car,423705.9415,4513184.202,{3266:16695},,,
OccaDriver945shift1,GlobalRHM,Car,421015.9328,4512905.491,{65855:71591},,,
OccaDriver960shift1,GlobalRHM,Car,424420.4133,4512211.617,{27956:29532},,,
OccaDriver967shift1,GlobalRHM,Car,424915.2281,4513413.695,{62003:67404},,,
OccaDriver981shift1,GlobalRHM,Car,424420.4133,4512211.617,{70546:72488},,,
OccaDriver990shift1,GlobalRHM,Car,424186.1885,4512937.973,{43102:51383},,,
OccaDriver990shift2,GlobalRHM,Car,408725.3152,4559694.168,{82006:85777},,,
OccaDriver994shift1,GlobalRHM,Car,424418.053,4511970.037,{27401:49334},,,
Driver1shift1,GlobalRHM,Car,425628.5803,4512200.228,{43651:46687},,,
Driver1shift2,GlobalRHM,Car,425622.8777,4511596.364,{69336:92858},,,
Driver2shift1,GlobalRHM,Car,425391.4114,4512684.927,{28535:50589},,,
Driver3shift1,GlobalRHM,Car,425633.2063,4512682.664,{60897:76363},,,
Driver4shift1,GlobalRHM,Car,425637.7254,4513165.435,{63171:83195},,,
Driver5shift1,GlobalRHM,Car,418472.8435,4561549.698,{23771:42421},,,
Driver5shift2,GlobalRHM,Car,424915.2281,4513413.695,{50293:55040},,,
Driver5shift3,GlobalRHM,Car,421820.2868,4511824.181,{64030:73548},,,
Driver6shift1,GlobalRHM,Car,424915.2281,4513413.695,{28365:52336},,,
Driver6shift2,GlobalRHM,Car,425814.5521,4489755.693,{63014:72462},,,
Driver7shift1,GlobalRHM,Car,421074.8957,4478128.193,{47117:55980},,,
Driver7shift2,GlobalRHM,Car,424176.6697,4511972.28,{63575:85187},,,
Driver8shift1,GlobalRHM,Car,423709.4312,4513547.693,{25158:59333},,,
Driver9shift1,GlobalRHM,Car,423474.2859,4513357.35,{23929:29091},,,
Driver9shift2,GlobalRHM,Car,424173.0841,4511609.946,{62957:81379},,,
Driver10shift1,GlobalRHM,Car,412452.8902,4590329.236,{50720:58040},,,
Driver10shift2,GlobalRHM,Car,424901.3872,4511965.424,{61539:65882},,,
Driver10shift3,GlobalRHM,Car,409558.5323,4557873.856,{78717:89195},,,
Driver11shift1,GlobalRHM,Car,444580.4568,4459960.202,{22667:42516},,,
Driver12shift1,GlobalRHM,Car,423319.0968,4513680.409,{37677:49455},,,
Driver12shift2,GlobalRHM,Car,425386.7898,4512202.406,{63117:83782},,,
Driver13shift1,GlobalRHM,Car,407651.8055,4464326.528,{47193:56214},,,
Driver13shift2,GlobalRHM,Car,425555.5956,4513748.323,{75970:90705},,,
Driver14shift1,GlobalRHM,Car,425238.1097,4513660.68,{22796:46912},,,
Driver14shift2,GlobalRHM,Car,424188.5013,4513179.347,{55812:66158},,,
Driver15shift1,GlobalRHM,Car,424666.5469,4512691.742,{26352:42881},,,
Driver15shift2,GlobalRHM,Car,440422.3227,4463848.089,{46828:49542},,,
Driver15shift3,GlobalRHM,Car,423933.5342,4511612.301,{56504:62823},,,
Driver16shift1,GlobalRHM,Car,424901.3872,4511965.424,{24601:51532},,,
Driver16shift2,GlobalRHM,Car,423474.2859,4513357.35,{67156:67826},,,
Driver17shift1,GlobalRHM,Car,424181.4338,4512455.203,{18630:37077},,,
Driver17shift2,GlobalRHM,Car,424420.4133,4512211.617,{40266:45875},,,
Driver18shift1,GlobalRHM,Car,423702.3114,4512821.987,{71454:83579},,,
Driver19shift1,GlobalRHM,Car,425393.7716,4512926.31,{25510:61955},,,
Driver20shift1,GlobalRHM,Car,425879.2117,4513163.169,{20604:36681},,,
Driver21shift1,GlobalRHM,Car,424420.4133,4512211.617,{23692:36547},,,
Driver21shift2,GlobalRHM,Car,423697.0212,4512218.333,{50944:53098},,,
Driver22shift1,GlobalRHM,Car,427210.1798,4486076.595,{38138:51993},,,
Driver22shift2,GlobalRHM,Car,425384.5885,4511960.915,{63471:84714},,,
Driver23shift1,GlobalRHM,Car,425555.5956,4513748.323,{29540:36798},,,
Driver24shift1,GlobalRHM,Car,419789.5169,4540562.532,{22086:59832},,,
Driver25shift1,GlobalRHM,Car,424901.3872,4511965.424,{14940:44974},,,
Driver25shift2,GlobalRHM,Car,423938.4472,4512216.133,{65090:71369},,,
Driver27shift1,GlobalRHM,Car,424739.1683,4523526.908,{71828:90415},,,
Driver30shift1,GlobalRHM,Car,418805.5098,4558615.262,{61858:77642},,,
Driver31shift1,GlobalRHM,Car,427346.1316,4491358.687,{25727:45726},,,
Driver32shift1,GlobalRHM,Car,424179.0155,4512213.837,{37042:48652},,,
Driver32shift2,GlobalRHM,Car,408892.7177,4572790.258,{58815:81557},,,
Driver33shift1,GlobalRHM,Car,423944.852,4512940.312,{27009:65957},,,
Driver35shift1,GlobalRHM,Car,423705.9415,4513184.202,{18257:39280},,,
Driver35shift2,GlobalRHM,Car,423709.4312,4513547.693,{56038:66259},,,
Driver36shift1,GlobalRHM,Car,424915.2281,4513413.695,{23595:39291},,,
Driver36shift2,GlobalRHM,Car,425386.7898,4512202.406,{59742:61162},,,
Driver36shift3,GlobalRHM,Car,423702.3114,4512821.987,{64058:68810},,,
Driver38shift1,GlobalRHM,Car,424176.6697,4511972.28,{37861:40373},,,
Driver38shift2,GlobalRHM,Car,423057.5458,4512878.418,{58983:67998},,,
Driver39shift1,GlobalRHM,Car,423319.0968,4513680.409,{15008:38534},,,
Driver40shift1,GlobalRHM,Car,441516.0299,4459782.599,{23798:45225},,,
Driver40shift2,GlobalRHM,Car,424179.0155,4512213.837,{45516:48372},,,
Driver40shift3,GlobalRHM,Car,425635.4474,4512924.059,{69624:69964},,,
Driver41shift1,GlobalRHM,Car,425149.8649,4512687.335,{28368:51403},,,
Driver41shift2,GlobalRHM,Car,433173.9716,4491667.064,{56129:59893},,,
Driver43shift1,GlobalRHM,Car,425204.1217,4494577.691,{30478:67072},,,
Driver44shift1,GlobalRHM,Car,425238.1097,4513660.68,{24832:33506},,,
Driver44shift2,GlobalRHM,Car,414830.4793,4591983.295,{61348:72139},,,
Driver45shift1,GlobalRHM,Car,418559.4592,4564640.653,{27166:39180},,,
Driver46shift1,GlobalRHM,Car,424418.053,4511970.037,{59073:81850},,,
Driver48shift1,GlobalRHM,Car,425640.0796,4513406.555,{27262:47397},,,
Driver50shift1,GlobalRHM,Car,412876.4168,4485975.881,{55147:74532},,,
Driver50shift2,GlobalRHM,Car,423940.2821,4512457.55,{80367:93117},,,
Driver51shift1,GlobalRHM,Car,421627.3314,4558326.703,{61602:93237},,,
Driver52shift1,GlobalRHM,Car,424188.5013,4513179.347,{24864:60121},,,
Driver54shift1,GlobalRHM,Car,423057.5458,4512878.418,{61764:98973},,,
Driver55shift1,GlobalRHM,Car,418109.1635,4565362.462,{12673:31327},,,
Driver55shift2,GlobalRHM,Car,420039.5562,4483158.699,{34466:49080},,,
Driver55shift3,GlobalRHM,Car,425393.7716,4512926.31,{51591:69092},,,
Driver57shift1,GlobalRHM,Car,423319.0968,4513680.409,{23134:52739},,,
Driver57shift2,GlobalRHM,Car,424186.1885,4512937.973,{58278:72551},,,
Driver59shift1,GlobalRHM,Car,412809.5479,4504861.912,{36590:49070},,,
Driver59shift2,GlobalRHM,Car,424183.8063,4512696.506,{53496:55552},,,
Driver60shift1,GlobalRHM,Car,425555.5956,4513748.323,{27748:45318},,,
Driver61shift1,GlobalRHM,Car,425154.6303,4513170.118,{28269:47163},,,
Driver62shift1,GlobalRHM,Car,414343.0393,4594727.464,{38751:43269},,,
Driver62shift2,GlobalRHM,Car,412809.5479,4504861.912,{40603:44483},,,
Driver62shift3,GlobalRHM,Car,425386.7898,4512202.406,{63831:77395},,,
Driver66shift1,GlobalRHM,Car,423474.2859,4513357.35,{15941:34794},,,
Driver66shift2,GlobalRHM,Car,421180.001,4590110.693,{51985:65071},,,
Driver67shift1,GlobalRHM,Car,422629.9598,4524561.307,{4677:21000},,,
Driver67shift2,GlobalRHM,Car,424425.126,4512694.193,{49332:60253},,,
Driver68shift1,GlobalRHM,Car,423947.2449,4513181.806,{24533:50686},,,
Driver68shift2,GlobalRHM,Car,423692.2101,4511614.086,{55391:68134},,,
Driver69shift1,GlobalRHM,Car,419421.3766,4560693.78,{26530:45326},,,
Driver69shift2,GlobalRHM,Car,425238.1097,4513660.68,{63632:74984},,,
Driver69shift3,GlobalRHM,Car,413475.183,4559222.037,{64251:75476},,,
Driver70shift1,GlobalRHM,Car,425635.4474,4512924.059,{61408:79550},,,
Driver71shift1,GlobalRHM,Car,423319.0968,4513680.409,{46744:54906},,,
Driver71shift2,GlobalRHM,Car,425633.2063,4512682.664,{66735:78122},,,
Driver72shift1,GlobalRHM,Car,424915.2281,4513413.695,{83064:91295},,,
Driver73shift1,GlobalRHM,Car,425238.1097,4513660.68,{28204:47275},,,
Driver73shift2,GlobalRHM,Car,424418.053,4511970.037,{54431:62166},,,
Driver74shift1,GlobalRHM,Car,438791.1235,4462214.655,{26018:57238},,,
Driver75shift1,GlobalRHM,Car,412432.9374,4589366.089,{48249:57715},,,
Driver75shift2,GlobalRHM,Car,425381.0431,4511598.726,{61171:64929},,,
Driver77shift1,GlobalRHM,Car,411963.6447,4574285.625,{26711:47416},,,
Driver77shift2,GlobalRHM,Car,424414.4516,4511607.655,{47277:52405},,,
Driver78shift1,GlobalRHM,Car,424673.5206,4513416.123,{24649:49802},,,
Driver79shift1,GlobalRHM,Car,423702.3114,4512821.987,{21828:56067},,,
Driver80shift1,GlobalRHM,Car,424420.4133,4512211.617,{22533:50850},,,
Driver80shift2,GlobalRHM,Car,418299.2148,4563716.999,{59477:71521},,,
Driver81shift1,GlobalRHM,Car,423944.852,4512940.312,{63693:83864},,,
Driver83shift1,GlobalRHM,Car,409414.9938,4509658.291,{2187:9221},,,
Driver83shift2,GlobalRHM,Car,406098.5454,4563149.776,{63974:65377},,,
Driver83shift3,GlobalRHM,Car,426251.5748,4529116.352,{82641:88273},,,
Driver84shift1,GlobalRHM,Car,440459.0883,4460541.049,{62355:73930},,,
Driver84shift2,GlobalRHM,Car,423460.9866,4512824.273,{76167:89910},,,
Driver85shift1,GlobalRHM,Car,418156.6968,4562791.098,{29486:41332},,,
Driver86shift1,GlobalRHM,Car,409338.1006,4507298.979,{24926:61220},,,
Driver87shift1,GlobalRHM,Car,408139.1076,4506790.951,{61440:88214},,,
Driver89shift1,GlobalRHM,Car,423692.2101,4511614.086,{62396:86734},,,
Driver92shift1,GlobalRHM,Car,424186.1885,4512937.973,{62447:77301},,,
Driver93shift1,GlobalRHM,Car,425386.7898,4512202.406,{74802:94789},,,
Driver94shift1,GlobalRHM,Car,423474.2859,4513357.35,{23393:46450},,,
Driver95shift1,GlobalRHM,Car,424668.8524,4512933.279,{61274:85669},,,
Driver96shift1,GlobalRHM,Car,424173.0841,4511609.946,{59098:80545},,,
Driver97shift1,GlobalRHM,Car,433236.7041,4435454.798,{51469:53391},,,
Driver97shift2,GlobalRHM,Car,416089.7949,4489233.929,{68278:69584},,,
Driver99shift1,GlobalRHM,Car,425386.7898,4512202.406,{63752:103175},,,
Driver100shift1,GlobalRHM,Car,425139.3416,4511600.797,{68205:77246},,,
Driver100shift2,GlobalRHM,Car,424427.5326,4512935.669,{85546:89566},,,
Driver101shift1,GlobalRHM,Car,425386.7898,4512202.406,{27685:58780},,,
Driver101shift2,GlobalRHM,Car,423947.2449,4513181.806,{84479:99817},,,
Driver103shift1,GlobalRHM,Car,425393.7716,4512926.31,{27128:64725},,,
Driver105shift1,GlobalRHM,Car,423338.5087,4511765.746,{26579:51086},,,
Driver106shift1,GlobalRHM,Car,439759.2529,4463011.721,{32024:41706},,,
Driver106shift2,GlobalRHM,Car,412379.0191,4503604.541,{58003:68090},,,
Driver107shift1,GlobalRHM,Car,423236.5277,4513213.179,{31372:42570},,,
Driver107shift2,GlobalRHM,Car,423236.5277,4513213.179,{51316:56343},,,
Driver107shift3,GlobalRHM,Car,436787.1478,4470120.357,{60908:67806},,,
Driver108shift1,GlobalRHM,Car,442101.8483,4461361.328,{23286:45305},,,
Driver109shift1,GlobalRHM,Car,425381.0431,4511598.726,{18229:25585},,,
Driver109shift2,GlobalRHM,Car,424181.4338,4512455.203,{55023:62014},,,
Driver110shift1,GlobalRHM,Car,425238.1097,4513660.68,{26635:49215},,,
Driver110shift2,GlobalRHM,Car,424915.2281,4513413.695,{64204:74581},,,
Driver111shift1,GlobalRHM,Car,424673.5206,4513416.123,{33659:38425},,,
Driver111shift2,GlobalRHM,Car,425555.5956,4513748.323,{65687:74168},,,
Driver112shift1,GlobalRHM,Car,423938.4472,4512216.133,{27880:57219},,,
Driver113shift1,GlobalRHM,Car,411030.401,4506696.548,{42306:51628},,,
Driver113shift2,GlobalRHM,Car,418618.3305,4562432.274,{54450:77676},,,
Driver114shift1,GlobalRHM,Car,424186.1885,4512937.973,{39185:43939},,,
Driver114shift2,GlobalRHM,Car,423944.852,4512940.312,{67850:75527},,,
Driver115shift1,GlobalRHM,Car,425640.0796,4513406.555,{63281:88002},,,
